,Employee_ID,Attrition_rate
0,EID_22713,0.23295
1,EID_9658,0.52602
2,EID_22203,0.19192
3,EID_7652,0.23677333333333328
4,EID_6516,0.17822000000000005
5,EID_20283,0.13208999999999999
6,EID_21014,0.31357333333333337
7,EID_7693,0.11904499999999998
8,EID_13232,0.08945
9,EID_6515,0.16212
10,EID_13639,0.20054999999999995
11,EID_14669,0.22208999999999998
12,EID_16537,0.32965
13,EID_5782,0.32543
14,EID_20157,0.24902999999999995
15,EID_1855,0.22968000000000002
16,EID_20748,0.28215
17,EID_23179,0.20301
18,EID_12838,0.21548999999999996
19,EID_21656,0.09935999999999999
20,EID_8844,0.19946399999999997
21,EID_1536,0.1607
22,EID_8822,0.14383999999999997
23,EID_11398,0.23570000000000002
24,EID_12965,0.3495
25,EID_5204,0.226464
26,EID_10030,0.15709
27,EID_13227,0.27562
28,EID_20607,0.31432999999999994
29,EID_14070,0.13445
30,EID_3755,0.35065
31,EID_5459,0.27549
32,EID_7697,0.22152000000000002
33,EID_3935,0.31678
34,EID_19046,0.25763
35,EID_4040,0.10791999999999999
36,EID_17730,0.26067
37,EID_4995,0.08966500000000002
38,EID_24653,0.13756
39,EID_6978,0.25889
40,EID_13775,0.17826999999999998
41,EID_14608,0.31554999999999994
42,EID_3148,0.2979200000000001
43,EID_24868,0.34119
44,EID_5521,0.16076
45,EID_21155,0.26284
46,EID_3840,0.150045
47,EID_10646,0.19838
48,EID_6711,0.255355
49,EID_16247,0.18134999999999998
50,EID_16789,0.254
51,EID_17967,0.17928
52,EID_13270,0.32272000000000006
53,EID_18462,0.14018
54,EID_22248,0.1723
55,EID_22693,0.18875000000000003
56,EID_25662,0.17697
57,EID_23346,0.18084999999999998
58,EID_4437,0.24147
59,EID_18108,0.15239999999999995
60,EID_7000,0.14926
61,EID_22770,0.14570500000000003
62,EID_7816,0.0979
63,EID_19615,0.24678
64,EID_23807,0.27793
65,EID_16764,0.20659999999999998
66,EID_16818,0.20879999999999996
67,EID_22712,0.25992
68,EID_18198,0.17215000000000003
69,EID_11154,0.27956
70,EID_22137,0.26909
71,EID_11655,0.12233999999999998
72,EID_18514,0.17054999999999998
73,EID_24742,0.10792999999999997
74,EID_16019,0.26269
75,EID_7357,0.15974
76,EID_20106,0.2540975
77,EID_13284,0.23479999999999998
78,EID_5451,0.15612
79,EID_19728,0.23664999999999997
80,EID_9178,0.19228999999999996
81,EID_13177,0.14509
82,EID_14300,0.21789
83,EID_4379,0.12492
84,EID_11285,0.09745999999999999
85,EID_14882,0.28618
86,EID_9969,0.22055999999999995
87,EID_23643,0.1659
88,EID_5935,0.20421
89,EID_7741,0.27192
90,EID_6176,0.09427000000000002
91,EID_5418,0.18819999999999998
92,EID_20626,0.38491
93,EID_1725,0.2149
94,EID_14317,0.24878999999999998
95,EID_12120,0.13776000000000002
96,EID_20264,0.19444250000000002
97,EID_16691,0.13354
98,EID_1093,0.20177
99,EID_2565,0.22755
100,EID_11463,0.13421
101,EID_12005,0.12449333333333337
102,EID_10326,0.48264000000000007
103,EID_12582,0.16641
104,EID_18228,0.18479
105,EID_11670,0.22347999999999998
106,EID_24257,0.26583999999999997
107,EID_7024,0.23185999999999996
108,EID_10382,0.1943
109,EID_20210,0.15383000000000002
110,EID_10294,0.09518999999999998
111,EID_19941,0.34314
112,EID_25572,0.12247000000000001
113,EID_7758,0.12544249999999998
114,EID_22718,0.30384
115,EID_1078,0.12671000000000002
116,EID_8227,0.18531999999999998
117,EID_1702,0.15045999999999998
118,EID_3532,0.24359999999999996
119,EID_22452,0.1732
120,EID_3019,0.27636333333333335
121,EID_22264,0.19441999999999998
122,EID_9866,0.21023999999999998
123,EID_3520,0.22313
124,EID_21098,0.35722
125,EID_1186,0.30837000000000003
126,EID_12355,0.29591
127,EID_11020,0.24758
128,EID_19193,0.14993
129,EID_17787,0.11403999999999999
130,EID_13719,0.2542665
131,EID_24449,0.29650999999999994
132,EID_12957,0.34533
133,EID_24794,0.18851
134,EID_2866,0.21864500000000003
135,EID_10563,0.2037
136,EID_22492,0.24359000000000003
137,EID_4106,0.17114000000000001
138,EID_6648,0.33172999999999997
139,EID_7209,0.23102999999999999
140,EID_9692,0.14568000000000003
141,EID_22763,0.11139000000000002
142,EID_12622,0.16762
143,EID_9831,0.24875000000000003
144,EID_5731,0.221515
145,EID_1114,0.18880000000000002
146,EID_25017,0.28916
147,EID_22956,0.134125
148,EID_5549,0.29847
149,EID_12022,0.26367999999999997
150,EID_8034,0.21233999999999997
151,EID_20644,0.14653000000000002
152,EID_20125,0.16937
153,EID_21957,0.14206
154,EID_8870,0.17814999999999998
155,EID_2305,0.20558
156,EID_3977,0.29253
157,EID_14845,0.33877999999999997
158,EID_6629,0.22095000000000004
159,EID_14577,0.30076
160,EID_24509,0.29446999999999995
161,EID_1530,0.15071000000000004
162,EID_21524,0.27644
163,EID_6647,0.26243
164,EID_19730,0.15435
165,EID_4424,0.13740999999999998
166,EID_7964,0.28523
167,EID_6289,0.29209
168,EID_2899,0.24178000000000002
169,EID_2827,0.11739999999999999
170,EID_8801,0.16383
171,EID_20454,0.17126999999999998
172,EID_18988,0.14287
173,EID_8405,0.28155
174,EID_14497,0.11074999999999999
175,EID_11769,0.28051
176,EID_21353,0.34465
177,EID_2221,0.22934000000000002
178,EID_13218,0.21835999999999997
179,EID_4576,0.31655
180,EID_17470,0.20102000000000003
181,EID_14817,0.13405000000000003
182,EID_21845,0.1457
183,EID_21987,0.19701999999999997
184,EID_1168,0.24302
185,EID_14315,0.26464
186,EID_5043,0.34191999999999995
187,EID_1967,0.24031999999999995
188,EID_22274,0.16127
189,EID_11091,0.15120499999999998
190,EID_18421,0.21684
191,EID_8316,0.20461000000000001
192,EID_13308,0.21225000000000005
193,EID_19481,0.14057499999999998
194,EID_17732,0.21405
195,EID_4504,0.12839
196,EID_2539,0.23023000000000002
197,EID_19529,0.20549
198,EID_2279,0.13594
199,EID_14508,0.2633599999999999
200,EID_12241,0.17359
201,EID_11530,0.34151999999999993
202,EID_20147,0.16419
203,EID_6154,0.16366666666666668
204,EID_3523,0.14899999999999997
205,EID_20453,0.266
206,EID_11929,0.32617999999999997
207,EID_12840,0.17932
208,EID_22320,0.13640000000000002
209,EID_25383,0.23513
210,EID_10731,0.23958
211,EID_1017,0.20912000000000003
212,EID_1819,0.31431
213,EID_22849,0.13820249999999998
214,EID_12290,0.19871
215,EID_24238,0.12408999999999999
216,EID_3105,0.12641666666666668
217,EID_14242,0.11624000000000001
218,EID_16569,0.24169999999999997
219,EID_8094,0.11281000000000001
220,EID_7824,0.22648000000000001
221,EID_8978,0.23611
222,EID_25314,0.13935333333333333
223,EID_17810,0.24152999999999997
224,EID_14856,0.21966999999999998
225,EID_22144,0.25447000000000003
226,EID_23603,0.21457
227,EID_7211,0.11517999999999999
228,EID_19340,0.31525000000000003
229,EID_1501,0.23137000000000002
230,EID_22111,0.24543999999999996
231,EID_16147,0.21561000000000002
232,EID_16746,0.23358999999999996
233,EID_20777,0.29242
234,EID_12999,0.14188
235,EID_21663,0.18802599999999997
236,EID_11862,0.16912999999999997
237,EID_17683,0.42879000000000006
238,EID_19819,0.19018000000000002
239,EID_21562,0.08817000000000001
240,EID_24390,0.21412000000000003
241,EID_14444,0.25908000000000003
242,EID_3261,0.15803
243,EID_7752,0.11646857142857144
244,EID_3033,0.1251
245,EID_22433,0.24377
246,EID_23727,0.18458999999999998
247,EID_24107,0.17821000000000004
248,EID_22537,0.29314999999999997
249,EID_13645,0.20990999999999999
250,EID_16021,0.21268000000000004
251,EID_19800,0.21336000000000005
252,EID_1944,0.26073
253,EID_15868,0.22837000000000002
254,EID_22188,0.20232
255,EID_13833,0.13908199999999998
256,EID_15028,0.16482000000000002
257,EID_24861,0.20543
258,EID_13033,0.16874
259,EID_23673,0.18719999999999998
260,EID_13265,0.24413999999999994
261,EID_23411,0.20624499999999996
262,EID_3761,0.18302999999999997
263,EID_7299,0.18066
264,EID_2379,0.13613999999999998
265,EID_18863,0.253235
266,EID_12115,0.202692
267,EID_23879,0.14708
268,EID_16586,0.23098999999999997
269,EID_19003,0.15175999999999998
270,EID_11107,0.21878999999999998
271,EID_15416,0.18212
272,EID_19214,0.15383
273,EID_5135,0.28699
274,EID_22464,0.11332666666666669
275,EID_22759,0.24196999999999996
276,EID_17833,0.25820999999999994
277,EID_17627,0.24291999999999997
278,EID_25730,0.21009000000000003
279,EID_2377,0.20844666666666667
280,EID_18085,0.24759999999999996
281,EID_14096,0.2904
282,EID_8384,0.17217
283,EID_17105,0.2332
284,EID_9929,0.16846
285,EID_13267,0.38645333333333337
286,EID_12954,0.14062000000000002
287,EID_4464,0.17296000000000003
288,EID_11464,0.23080999999999996
289,EID_19308,0.21025
290,EID_17530,0.09356
291,EID_6981,0.2223
292,EID_19951,0.15742
293,EID_1100,0.3379
294,EID_25145,0.18019000000000002
295,EID_15614,0.26219000000000003
296,EID_2961,0.08606
297,EID_1742,0.22474000000000002
298,EID_2843,0.17798
299,EID_9549,0.3090399999999999
300,EID_12832,0.33792
301,EID_17914,0.26819999999999994
302,EID_22832,0.35119
303,EID_5755,0.34225
304,EID_1141,0.22896
305,EID_18954,0.24933
306,EID_10824,0.23565
307,EID_24478,0.25804
308,EID_14916,0.09047999999999999
309,EID_4434,0.20183999999999996
310,EID_23650,0.11423999999999998
311,EID_16556,0.2698900000000001
312,EID_24656,0.24418
313,EID_25965,0.16582
314,EID_9279,0.26209
315,EID_13802,0.2133
316,EID_2748,0.17200000000000001
317,EID_17346,0.25055499999999997
318,EID_1171,0.21800000000000003
319,EID_1552,0.12382999999999997
320,EID_20674,0.25765999999999994
321,EID_2475,0.19502
322,EID_16714,0.126435
323,EID_7857,0.15941
324,EID_3294,0.17589
325,EID_2280,0.1724
326,EID_10203,0.14710999999999996
327,EID_22162,0.16875999999999997
328,EID_10438,0.25830000000000003
329,EID_12898,0.19391
330,EID_4358,0.26661599999999996
331,EID_6179,0.24807
332,EID_2538,0.10890000000000002
333,EID_13110,0.29347
334,EID_24585,0.32873166666666664
335,EID_1006,0.3053800000000001
336,EID_11632,0.14265
337,EID_21011,0.19557000000000002
338,EID_16869,0.10581
339,EID_20564,0.17148
340,EID_12996,0.20461000000000001
341,EID_1503,0.28482399999999997
342,EID_23053,0.13473000000000002
343,EID_22049,0.22579000000000002
344,EID_4346,0.20533
345,EID_1887,0.08654
346,EID_16849,0.09395999999999999
347,EID_10071,0.18507
348,EID_11265,0.15008
349,EID_12611,0.18618333333333334
350,EID_25542,0.12111000000000001
351,EID_11582,0.309174
352,EID_19550,0.17766999999999997
353,EID_5351,0.24062999999999998
354,EID_3305,0.26929
355,EID_18846,0.25291
356,EID_24764,0.24394
357,EID_2191,0.13522
358,EID_6314,0.14759000000000003
359,EID_23248,0.33162
360,EID_4570,0.15876
361,EID_16415,0.26083999999999996
362,EID_11002,0.21485999999999997
363,EID_20498,0.18021000000000004
364,EID_7846,0.17826000000000003
365,EID_24121,0.204162
366,EID_7536,0.13703
367,EID_2015,0.08092999999999999
368,EID_7934,0.04416
369,EID_20903,0.20965999999999996
370,EID_17535,0.15853
371,EID_19760,0.18307
372,EID_9550,0.29898
373,EID_4261,0.11611
374,EID_19753,0.33043666666666666
375,EID_13542,0.1184075
376,EID_24283,0.22810999999999998
377,EID_7552,0.21539999999999998
378,EID_11577,0.11916999999999997
379,EID_3228,0.21033
380,EID_17468,0.14009
381,EID_15815,0.14862000000000003
382,EID_2093,0.14227
383,EID_21356,0.28301
384,EID_12357,0.22329000000000004
385,EID_18495,0.10981999999999999
386,EID_5098,0.12694
387,EID_12691,0.35009000000000007
388,EID_13240,0.28141000000000005
389,EID_19312,0.22970000000000002
390,EID_23914,0.15425000000000005
391,EID_23175,0.10534000000000002
392,EID_15413,0.31853999999999993
393,EID_4785,0.13178
394,EID_25933,0.22210000000000002
395,EID_22705,0.26289
396,EID_19350,0.0984
397,EID_5369,0.27983499999999994
398,EID_20410,0.12886999999999998
399,EID_12557,0.25167
400,EID_17678,0.17443999999999998
401,EID_1342,0.22902
402,EID_12230,0.32398999999999994
403,EID_1311,0.18224
404,EID_5860,0.16196
405,EID_4259,0.12685000000000002
406,EID_10209,0.24478
407,EID_2300,0.21098499999999998
408,EID_17408,0.17496000000000003
409,EID_1883,0.21911999999999998
410,EID_1053,0.33868999999999994
411,EID_23610,0.2974800000000001
412,EID_17585,0.17631
413,EID_20845,0.19299399999999997
414,EID_15683,0.10662999999999997
415,EID_11976,0.16541333333333333
416,EID_12031,0.12458
417,EID_1711,0.24733000000000005
418,EID_6239,0.22847
419,EID_25541,0.17736
420,EID_9308,0.22373000000000004
421,EID_18168,0.23390999999999998
422,EID_11934,0.21828000000000003
423,EID_23472,0.28786
424,EID_13731,0.25581000000000004
425,EID_16069,0.1363
426,EID_18276,0.13447
427,EID_6141,0.24726666666666666
428,EID_12061,0.17932
429,EID_9450,0.25186000000000003
430,EID_21730,0.24767
431,EID_19506,0.13611999999999996
432,EID_13552,0.14449
433,EID_9945,0.23851999999999993
434,EID_1924,0.15020000000000003
435,EID_18453,0.2299175
436,EID_20225,0.10527
437,EID_18673,0.25084999999999996
438,EID_11420,0.208535
439,EID_16631,0.24002285714285715
440,EID_21237,0.15245999999999998
441,EID_5015,0.18797000000000003
442,EID_20179,0.19121000000000002
443,EID_12073,0.21349999999999997
444,EID_21147,0.17582000000000003
445,EID_6714,0.3002533333333333
446,EID_10645,0.09673000000000001
447,EID_18298,0.13057000000000002
448,EID_2640,0.21866
449,EID_2318,0.12094250000000002
450,EID_25226,0.13977
451,EID_24099,0.15248
452,EID_20938,0.40569
453,EID_8377,0.1799966666666667
454,EID_7023,0.19803
455,EID_11385,0.16303
456,EID_15016,0.14768
457,EID_25794,0.23109999999999994
458,EID_11494,0.15293
459,EID_2425,0.1889
460,EID_9847,0.197178
461,EID_3570,0.10156833333333333
462,EID_13573,0.26406999999999997
463,EID_13780,0.19723000000000002
464,EID_2949,0.16122
465,EID_19834,0.11854
466,EID_11384,0.16648000000000002
467,EID_23154,0.25362
468,EID_9337,0.21523999999999996
469,EID_3653,0.36430999999999997
470,EID_4850,0.12274
471,EID_16283,0.13871999999999998
472,EID_5107,0.26669
473,EID_25156,0.12025
474,EID_17223,0.29325999999999997
475,EID_14695,0.244
476,EID_11374,0.23041
477,EID_13672,0.39447
478,EID_6782,0.34271
479,EID_25074,0.26104000000000005
480,EID_21087,0.2631166666666666
481,EID_13017,0.32953
482,EID_9947,0.11739999999999999
483,EID_21221,0.18675999999999995
484,EID_21639,0.3966200000000001
485,EID_20333,0.24942333333333333
486,EID_2970,0.27779000000000004
487,EID_7624,0.1891
488,EID_15741,0.3079025
489,EID_1312,0.20573999999999998
490,EID_19575,0.124285
491,EID_21047,0.18676999999999996
492,EID_11969,0.24640999999999996
493,EID_19145,0.31533
494,EID_9871,0.1333
495,EID_18852,0.139155
496,EID_22326,0.22336
497,EID_7259,0.12498000000000001
498,EID_21920,0.1963
499,EID_1436,0.23428999999999997
500,EID_8261,0.19234
501,EID_23228,0.27934999999999993
502,EID_5560,0.1305
503,EID_22357,0.29974999999999996
504,EID_4816,0.18202
505,EID_10000,0.09112
506,EID_21908,0.2621
507,EID_14887,0.17239
508,EID_12497,0.26338333333333336
509,EID_17976,0.32572
510,EID_17356,0.195285
511,EID_9785,0.13910999999999998
512,EID_16224,0.21075999999999998
513,EID_6020,0.12926
514,EID_20716,0.19684000000000001
515,EID_11351,0.1108483333333333
516,EID_20899,0.33265
517,EID_9718,0.2213
518,EID_9479,0.11937
519,EID_25048,0.26625
520,EID_23370,0.13508
521,EID_13877,0.32988999999999996
522,EID_12256,0.14053999999999997
523,EID_1903,0.31768
524,EID_8830,0.18522999999999998
525,EID_22060,0.15751
526,EID_11996,0.18465000000000004
527,EID_21061,0.15682083333333335
528,EID_22604,0.27682
529,EID_18463,0.13313999999999998
530,EID_11375,0.126932
531,EID_2685,0.12388333333333337
532,EID_16010,0.19324
533,EID_19288,0.25646
534,EID_9283,0.38496
535,EID_11122,0.19542000000000004
536,EID_6638,0.22929666666666665
537,EID_25516,0.09183
538,EID_3864,0.14887999999999998
539,EID_9746,0.18361
540,EID_8407,0.3748
541,EID_25463,0.17766000000000004
542,EID_23098,0.34125666666666665
543,EID_22512,0.15633666666666665
544,EID_14671,0.13729
545,EID_18482,0.11655000000000001
546,EID_8151,0.32821
547,EID_16624,0.22242399999999996
548,EID_1983,0.15024500000000002
549,EID_18445,0.14095
550,EID_11891,0.12012
551,EID_2010,0.19615
552,EID_4592,0.17228000000000002
553,EID_17412,0.121435
554,EID_24883,0.26139
555,EID_15661,0.139876
556,EID_11757,0.29422
557,EID_2627,0.33674000000000004
558,EID_13243,0.25505000000000005
559,EID_10917,0.19211
560,EID_4360,0.20027
561,EID_13536,0.18716000000000002
562,EID_10695,0.19824
563,EID_5746,0.30086
564,EID_1178,0.20917000000000002
565,EID_15290,0.35367000000000004
566,EID_3540,0.28525
567,EID_14684,0.19876000000000002
568,EID_7914,0.20897000000000002
569,EID_23733,0.17690999999999998
570,EID_5907,0.29252
571,EID_5142,0.18404
572,EID_7686,0.3301133333333333
573,EID_12078,0.13654
574,EID_4880,0.17525
575,EID_1527,0.13736999999999996
576,EID_15919,0.37371
577,EID_1260,0.33087000000000005
578,EID_22377,0.28089000000000003
579,EID_7876,0.3081900000000001
580,EID_1213,0.13563333333333333
581,EID_4161,0.112805
582,EID_3214,0.16247333333333333
583,EID_17651,0.11205000000000001
584,EID_8005,0.12936999999999999
585,EID_12852,0.12051999999999999
586,EID_21465,0.07347000000000001
587,EID_7371,0.26511
588,EID_25687,0.07776000000000001
589,EID_17222,0.1256
590,EID_1994,0.17355000000000004
591,EID_22384,0.23637000000000002
592,EID_6344,0.23249
593,EID_18801,0.20599000000000003
594,EID_13688,0.29158
595,EID_13779,0.21687000000000003
596,EID_24969,0.1842825
597,EID_15311,0.31304000000000004
598,EID_9095,0.1405
599,EID_11675,0.23184000000000005
600,EID_14870,0.13881000000000002
601,EID_1575,0.14403333333333332
602,EID_7440,0.11345000000000001
603,EID_24259,0.15633999999999998
604,EID_19501,0.41344000000000003
605,EID_23743,0.15431000000000003
606,EID_13287,0.24624000000000001
607,EID_2226,0.21263
608,EID_22439,0.10069999999999998
609,EID_16078,0.24999500000000002
610,EID_18895,0.18299000000000004
611,EID_19860,0.17759
612,EID_24564,0.23173
613,EID_21747,0.16345
614,EID_4659,0.06806999999999999
615,EID_24149,0.16283499999999998
616,EID_13300,0.18556
617,EID_16950,0.15535000000000002
618,EID_23778,0.21520999999999998
619,EID_14691,0.19654000000000002
620,EID_10789,0.18728500000000003
621,EID_5525,0.20046500000000003
622,EID_19424,0.19473000000000001
623,EID_6171,0.28445
624,EID_19569,0.1609
625,EID_4602,0.30905666666666665
626,EID_17919,0.15259666666666666
627,EID_4286,0.09190999999999999
628,EID_1973,0.11512999999999998
629,EID_25715,0.28293
630,EID_23385,0.19691
631,EID_13681,0.19557000000000002
632,EID_25410,0.13345333333333334
633,EID_18267,0.09107000000000001
634,EID_15252,0.19578
635,EID_23214,0.25103
636,EID_18551,0.31224
637,EID_2401,0.21021
638,EID_7609,0.2831
639,EID_21291,0.18836999999999998
640,EID_10126,0.14608
641,EID_19714,0.24237999999999998
642,EID_4911,0.19779999999999998
643,EID_12505,0.19657
644,EID_10377,0.24627
645,EID_3407,0.32661999999999997
646,EID_3386,0.16316000000000003
647,EID_7623,0.16258
648,EID_19517,0.080155
649,EID_21782,0.13047
650,EID_12361,0.18103
651,EID_21171,0.28965
652,EID_17836,0.24087
653,EID_20286,0.1120825
654,EID_25798,0.22928
655,EID_15699,0.3638800000000001
656,EID_17006,0.21371
657,EID_22476,0.17890250000000002
658,EID_9406,0.360785
659,EID_13559,0.1296
660,EID_1340,0.22687999999999997
661,EID_17848,0.24763000000000002
662,EID_20358,0.2363
663,EID_14265,0.21908000000000002
664,EID_9820,0.27188999999999997
665,EID_13755,0.10501
666,EID_13293,0.22626666666666662
667,EID_25837,0.20714000000000002
668,EID_20466,0.12523
669,EID_11032,0.28685
670,EID_2399,0.13948
671,EID_23917,0.17836000000000002
672,EID_17011,0.22330999999999998
673,EID_8967,0.13407
674,EID_24468,0.16281
675,EID_8435,0.18613
676,EID_17953,0.23108999999999996
677,EID_7140,0.12276000000000002
678,EID_24404,0.25831
679,EID_14380,0.39155
680,EID_1232,0.26602000000000003
681,EID_1573,0.18528000000000003
682,EID_3684,0.24966
683,EID_15824,0.16195500000000002
684,EID_9212,0.29321
685,EID_21121,0.19074
686,EID_6346,0.156324
687,EID_9525,0.20592000000000002
688,EID_9726,0.1427
689,EID_2526,0.35849
690,EID_4228,0.23385499999999998
691,EID_14595,0.15783
692,EID_15856,0.23285
693,EID_6768,0.21217000000000005
694,EID_23953,0.20034999999999997
695,EID_19059,0.14523999999999998
696,EID_5268,0.24864999999999998
697,EID_7619,0.13555999999999999
698,EID_23028,0.2505485714285714
699,EID_22104,0.30267999999999995
700,EID_10318,0.27985000000000004
701,EID_25369,0.15098999999999999
702,EID_16633,0.24691000000000002
703,EID_15848,0.08870000000000003
704,EID_2240,0.15353999999999998
705,EID_1059,0.18063
706,EID_9315,0.16215
707,EID_15388,0.12277000000000002
708,EID_9984,0.16179
709,EID_4296,0.23593000000000003
710,EID_10927,0.16
711,EID_25054,0.14425000000000004
712,EID_1884,0.13021
713,EID_21960,0.12935000000000002
714,EID_5572,0.15022000000000002
715,EID_16872,0.19381
716,EID_24525,0.21091000000000001
717,EID_14237,0.19071
718,EID_7114,0.10311249999999998
719,EID_7448,0.17147000000000004
720,EID_17668,0.18949
721,EID_7674,0.14049499999999998
722,EID_5884,0.20017000000000001
723,EID_13942,0.18354
724,EID_13098,0.16238999999999998
725,EID_7695,0.22596
726,EID_5350,0.09385000000000002
727,EID_22853,0.24404000000000003
728,EID_2385,0.32099
729,EID_18006,0.21609999999999996
730,EID_12875,0.26142
731,EID_5478,0.128675
732,EID_18690,0.23256000000000002
733,EID_12545,0.24215
734,EID_13888,0.14042500000000002
735,EID_9732,0.25047
736,EID_18001,0.34729
737,EID_17479,0.24765
738,EID_23757,0.08777
739,EID_1303,0.31644
740,EID_5375,0.1503625
741,EID_5869,0.18316000000000002
742,EID_8825,0.28691999999999995
743,EID_22567,0.18669999999999998
744,EID_16273,0.22123000000000004
745,EID_20618,0.23582999999999998
746,EID_3608,0.26958999999999994
747,EID_8806,0.20829
748,EID_23170,0.09626
749,EID_12243,0.23291999999999996
750,EID_20089,0.16491000000000003
751,EID_16852,0.21291000000000002
752,EID_18312,0.11129333333333333
753,EID_14010,0.19257
754,EID_14705,0.11678
755,EID_20956,0.11944000000000002
756,EID_18794,0.24924000000000004
757,EID_1629,0.2822833333333334
758,EID_25483,0.30297
759,EID_4542,0.126185
760,EID_10076,0.1422
761,EID_9469,0.19671333333333332
762,EID_25284,0.38939
763,EID_11972,0.19366
764,EID_1798,0.14865500000000004
765,EID_21903,0.22167999999999996
766,EID_20031,0.18380999999999997
767,EID_20365,0.14265
768,EID_9210,0.255815
769,EID_19750,0.25168
770,EID_4006,0.1177575
771,EID_24922,0.18351
772,EID_4760,0.19324
773,EID_11035,0.1613
774,EID_21008,0.22233833333333336
775,EID_23731,0.37171
776,EID_21788,0.31276
777,EID_5428,0.3013
778,EID_14023,0.10103
779,EID_2937,0.24151000000000003
780,EID_16931,0.3201
781,EID_18299,0.21353
782,EID_6660,0.24382
783,EID_23187,0.19270500000000004
784,EID_14868,0.12832
785,EID_23247,0.08399000000000001
786,EID_15971,0.25605
787,EID_7852,0.17612
788,EID_7017,0.33631
789,EID_7494,0.1706
790,EID_18706,0.28493
791,EID_22784,0.17831
792,EID_10756,0.31684000000000007
793,EID_6854,0.22967999999999997
794,EID_12554,0.27024
795,EID_1162,0.29043
796,EID_19581,0.09488999999999999
797,EID_2169,0.18100000000000002
798,EID_25149,0.46107000000000004
799,EID_22575,0.28559
800,EID_2265,0.14151
801,EID_19668,0.22727499999999998
802,EID_19245,0.3489900000000001
803,EID_8194,0.19929199999999997
804,EID_8081,0.25735
805,EID_8670,0.29847999999999997
806,EID_7992,0.17501999999999998
807,EID_6596,0.27976999999999996
808,EID_3699,0.23719
809,EID_9698,0.13609000000000002
810,EID_1847,0.13569333333333333
811,EID_16179,0.30565999999999993
812,EID_23663,0.20177
813,EID_24287,0.16090999999999997
814,EID_3527,0.25034
815,EID_18652,0.18473
816,EID_24110,0.09627
817,EID_21419,0.29723
818,EID_12865,0.25699
819,EID_9237,0.1454666666666667
820,EID_20408,0.20012
821,EID_22934,0.20166500000000004
822,EID_6492,0.17558499999999996
823,EID_20285,0.18591000000000002
824,EID_1286,0.12442
825,EID_12542,0.20198999999999998
826,EID_5523,0.13931
827,EID_1979,0.29457
828,EID_23146,0.121615
829,EID_4773,0.19874999999999998
830,EID_8785,0.12661
831,EID_4463,0.41197999999999996
832,EID_24028,0.18126249999999997
833,EID_20920,0.29172000000000003
834,EID_21392,0.33947999999999995
835,EID_4079,0.18636500000000003
836,EID_5173,0.27528
837,EID_22915,0.0985
838,EID_18347,0.1784
839,EID_7984,0.28769
840,EID_25148,0.34506000000000003
841,EID_4350,0.253985
842,EID_6909,0.18944
843,EID_10582,0.17178
844,EID_6248,0.15922999999999998
845,EID_10035,0.20441999999999996
846,EID_24603,0.13718999999999998
847,EID_1794,0.21119
848,EID_9407,0.252785
849,EID_2114,0.167335
850,EID_21125,0.20090000000000002
851,EID_15046,0.16174
852,EID_8058,0.20468999999999998
853,EID_1961,0.26527
854,EID_23324,0.11120999999999999
855,EID_21521,0.33501999999999993
856,EID_11043,0.30323999999999995
857,EID_6461,0.18882
858,EID_10398,0.14753999999999998
859,EID_20635,0.22719999999999999
860,EID_22940,0.29206000000000004
861,EID_8582,0.20386
862,EID_12770,0.18284999999999998
863,EID_15982,0.2333
864,EID_19692,0.22121166666666664
865,EID_18304,0.22033999999999998
866,EID_13603,0.14919000000000002
867,EID_6145,0.18750250000000002
868,EID_16587,0.10320499999999999
869,EID_16835,0.22458999999999993
870,EID_8399,0.08619000000000002
871,EID_7012,0.20840999999999998
872,EID_20575,0.19819
873,EID_20747,0.24507999999999996
874,EID_3907,0.11267
875,EID_22626,0.38606999999999997
876,EID_4442,0.19573999999999997
877,EID_18034,0.16593999999999998
878,EID_16055,0.26305999999999996
879,EID_21684,0.28048
880,EID_17499,0.17692
881,EID_1222,0.08192
882,EID_17204,0.14082
883,EID_22732,0.15864999999999999
884,EID_8539,0.38436000000000003
885,EID_23136,0.12284857142857145
886,EID_24470,0.28337
887,EID_17404,0.20813
888,EID_21498,0.38522
889,EID_19495,0.26867
890,EID_23966,0.1126675
891,EID_1388,0.3286442857142857
892,EID_7374,0.27748999999999996
893,EID_25441,0.42621000000000003
894,EID_16616,0.17043
895,EID_7654,0.20938000000000004
896,EID_4217,0.25254
897,EID_9968,0.25764
898,EID_17830,0.07318666666666666
899,EID_12023,0.17157000000000003
900,EID_24002,0.28553
901,EID_11371,0.15921
902,EID_11096,0.21698
903,EID_24835,0.173195
904,EID_17439,0.24359000000000003
905,EID_6587,0.23891333333333337
906,EID_21946,0.16307750000000001
907,EID_5431,0.19615999999999997
908,EID_4723,0.21413
909,EID_11535,0.25450000000000006
910,EID_2330,0.23749999999999996
911,EID_23531,0.20407999999999998
912,EID_8913,0.14992499999999997
913,EID_21273,0.274405
914,EID_11927,0.20023
915,EID_1385,0.41591000000000006
916,EID_15758,0.25458666666666663
917,EID_1023,0.25944
918,EID_8959,0.12649000000000002
919,EID_12911,0.20951000000000003
920,EID_15925,0.16394
921,EID_17769,0.18111000000000002
922,EID_19842,0.23653
923,EID_15875,0.18975999999999998
924,EID_21284,0.18269000000000002
925,EID_24825,0.25329
926,EID_23825,0.22791999999999998
927,EID_13001,0.20375000000000001
928,EID_25601,0.13661
929,EID_24670,0.11874499999999999
930,EID_24412,0.11514000000000002
931,EID_18712,0.14913
932,EID_21138,0.14383
933,EID_19335,0.22127
934,EID_16753,0.15203000000000003
935,EID_24399,0.5203599999999999
936,EID_12567,0.22037
937,EID_22161,0.11403
938,EID_12609,0.21736
939,EID_22249,0.13315
940,EID_5314,0.18663
941,EID_1897,0.27712
942,EID_22507,0.23981
943,EID_2878,0.08286000000000002
944,EID_10098,0.34163
945,EID_18435,0.157925
946,EID_8063,0.17586
947,EID_3512,0.19622499999999998
948,EID_24444,0.20839000000000002
949,EID_9813,0.18343000000000004
950,EID_25132,0.19462
951,EID_5613,0.19548000000000004
952,EID_14062,0.15001
953,EID_20073,0.15757999999999997
954,EID_12506,0.087975
955,EID_1092,0.32832000000000006
956,EID_15895,0.15816000000000002
957,EID_1039,0.19233000000000003
958,EID_22016,0.24637000000000003
959,EID_6764,0.2189125
960,EID_17384,0.22449
961,EID_8705,0.1863
962,EID_14832,0.1253
963,EID_16473,0.1163
964,EID_11186,0.24116000000000004
965,EID_7476,0.14813
966,EID_19671,0.15890999999999997
967,EID_14001,0.23215
968,EID_10658,0.23906999999999998
969,EID_6668,0.10888500000000001
970,EID_13786,0.17416
971,EID_11224,0.2097
972,EID_13296,0.27829000000000004
973,EID_22145,0.13949666666666666
974,EID_6494,0.17197
975,EID_1649,0.16313000000000002
976,EID_20878,0.11059999999999999
977,EID_3790,0.14539
978,EID_9257,0.06148499999999999
979,EID_14917,0.16098000000000004
980,EID_22052,0.4556699999999999
981,EID_1198,0.13084
982,EID_8478,0.1802
983,EID_2071,0.13683
984,EID_1250,0.24906999999999996
985,EID_9000,0.15850333333333336
986,EID_17319,0.24325999999999998
987,EID_21794,0.207226
988,EID_23350,0.11016
989,EID_16278,0.08878
990,EID_3330,0.24049000000000004
991,EID_12584,0.10960999999999999
992,EID_9354,0.2113
993,EID_15007,0.26352000000000003
994,EID_11656,0.15551733333333334
995,EID_22526,0.25533
996,EID_11027,0.1322
997,EID_21588,0.17468999999999996
998,EID_13717,0.13652999999999998
999,EID_8073,0.20492
1000,EID_15972,0.17770999999999998
1001,EID_5730,0.24248999999999996
1002,EID_23968,0.2091325
1003,EID_4299,0.16197
1004,EID_6302,0.30565000000000003
1005,EID_6974,0.14539
1006,EID_4829,0.33975999999999995
1007,EID_21139,0.19626000000000002
1008,EID_23456,0.20883
1009,EID_20110,0.26429
1010,EID_20342,0.34569999999999995
1011,EID_15238,0.10241999999999998
1012,EID_10349,0.36615000000000003
1013,EID_10077,0.15452
1014,EID_22330,0.13604
1015,EID_4368,0.16408999999999999
1016,EID_8859,0.14889999999999998
1017,EID_24277,0.13439
1018,EID_1061,0.2446
1019,EID_5597,0.23769999999999997
1020,EID_4820,0.24518
1021,EID_5863,0.17574000000000004
1022,EID_23680,0.17317
1023,EID_5542,0.22303
1024,EID_6203,0.13842
1025,EID_5355,0.25819000000000003
1026,EID_19669,0.28572
1027,EID_21725,0.35058333333333336
1028,EID_2138,0.28411
1029,EID_24278,0.265535
1030,EID_6591,0.18878999999999999
1031,EID_21056,0.22257999999999994
1032,EID_18759,0.16231
1033,EID_12059,0.10606249999999999
1034,EID_11077,0.11347
1035,EID_17216,0.24541999999999997
1036,EID_15655,0.2700000000000001
1037,EID_19017,0.11860000000000001
1038,EID_17846,0.13173
1039,EID_6418,0.25644
1040,EID_25942,0.33507
1041,EID_5420,0.23662
1042,EID_11764,0.18722
1043,EID_16483,0.27235
1044,EID_1901,0.15671999999999997
1045,EID_21480,0.17107
1046,EID_8006,0.3525
1047,EID_1282,0.17203
1048,EID_6895,0.14337499999999997
1049,EID_13677,0.19879000000000002
1050,EID_6071,0.34863
1051,EID_14425,0.18401
1052,EID_22685,0.16733
1053,EID_20203,0.14375
1054,EID_19161,0.19010000000000002
1055,EID_1947,0.17517
1056,EID_16574,0.33659000000000006
1057,EID_2561,0.20073999999999997
1058,EID_20668,0.23339
1059,EID_7831,0.11755
1060,EID_8769,0.17838
1061,EID_25191,0.31326999999999994
1062,EID_15590,0.34737
1063,EID_12458,0.11146
1064,EID_11406,0.21825999999999998
1065,EID_17629,0.22239000000000003
1066,EID_4632,0.20132
1067,EID_18455,0.08206
1068,EID_23077,0.17734
1069,EID_25024,0.20212000000000002
1070,EID_6269,0.13802
1071,EID_12100,0.17856999999999998
1072,EID_23190,0.10839000000000001
1073,EID_9030,0.34107
1074,EID_12359,0.11545000000000001
1075,EID_12041,0.21486
1076,EID_2019,0.18414999999999998
1077,EID_22974,0.189285
1078,EID_10351,0.16982999999999998
1079,EID_23630,0.2672899999999999
1080,EID_7309,0.17199
1081,EID_19821,0.07212
1082,EID_4033,0.17217999999999997
1083,EID_3435,0.11352
1084,EID_5759,0.19136999999999998
1085,EID_12826,0.15009
1086,EID_8148,0.24789600000000003
1087,EID_16088,0.23018999999999998
1088,EID_15783,0.23120000000000002
1089,EID_19521,0.21328999999999998
1090,EID_13016,0.12793000000000004
1091,EID_13708,0.15023000000000003
1092,EID_4237,0.20739000000000005
1093,EID_3620,0.230265
1094,EID_10042,0.23386
1095,EID_8833,0.26097000000000004
1096,EID_21028,0.21749000000000002
1097,EID_3485,0.33728
1098,EID_23372,0.2465266666666667
1099,EID_19410,0.12354000000000001
1100,EID_6598,0.12655
1101,EID_25371,0.15761
1102,EID_19483,0.14987
1103,EID_22826,0.26086
1104,EID_23606,0.27913
1105,EID_9346,0.38636
1106,EID_1608,0.11975
1107,EID_1603,0.26535
1108,EID_23041,0.24984
1109,EID_7801,0.24812666666666666
1110,EID_22456,0.14788
1111,EID_24428,0.16238999999999998
1112,EID_10811,0.32137000000000004
1113,EID_24566,0.21367000000000003
1114,EID_2531,0.13129
1115,EID_10878,0.26749000000000006
1116,EID_19548,0.39221
1117,EID_11988,0.22830000000000003
1118,EID_11378,0.29250000000000004
1119,EID_9896,0.1044
1120,EID_17323,0.19346000000000002
1121,EID_24976,0.22502
1122,EID_11249,0.09689999999999999
1123,EID_20395,0.26154
1124,EID_18262,0.19102
1125,EID_14670,0.18075000000000002
1126,EID_12880,0.19894
1127,EID_1406,0.08815666666666666
1128,EID_23014,0.12986
1129,EID_5224,0.14526
1130,EID_3232,0.11904999999999999
1131,EID_22327,0.17179
1132,EID_2285,0.16254
1133,EID_20468,0.28479
1134,EID_4443,0.28020999999999996
1135,EID_15641,0.17889000000000002
1136,EID_8106,0.26345999999999997
1137,EID_13958,0.134265
1138,EID_10214,0.12965000000000002
1139,EID_17739,0.18545000000000003
1140,EID_13347,0.20265
1141,EID_23453,0.18668
1142,EID_1477,0.16068
1143,EID_20224,0.15092
1144,EID_2362,0.14241000000000004
1145,EID_21421,0.13715000000000002
1146,EID_7860,0.20718
1147,EID_10286,0.29434
1148,EID_7184,0.15914
1149,EID_21742,0.20905
1150,EID_21610,0.18578999999999998
1151,EID_19375,0.25
1152,EID_18564,0.18483
1153,EID_19108,0.16171000000000002
1154,EID_17928,0.15252
1155,EID_25613,0.10667666666666668
1156,EID_23787,0.17209999999999998
1157,EID_2392,0.22555
1158,EID_7574,0.35015999999999997
1159,EID_9810,0.26102
1160,EID_14332,0.16153
1161,EID_20937,0.16946
1162,EID_7827,0.18953000000000003
1163,EID_7457,0.12284000000000002
1164,EID_11152,0.17739
1165,EID_12917,0.12834000000000004
1166,EID_18590,0.3059
1167,EID_15327,0.16283
1168,EID_11687,0.21865
1169,EID_5179,0.27090000000000003
1170,EID_5623,0.29305
1171,EID_25331,0.11168
1172,EID_24386,0.35442999999999997
1173,EID_6507,0.14386333333333332
1174,EID_7842,0.14550999999999997
1175,EID_12018,0.19154999999999997
1176,EID_6640,0.12009
1177,EID_9872,0.14101000000000002
1178,EID_2331,0.15584
1179,EID_19685,0.13387
1180,EID_25701,0.2493
1181,EID_25681,0.13924999999999998
1182,EID_20151,0.24649999999999994
1183,EID_8980,0.12153999999999998
1184,EID_12719,0.10013000000000001
1185,EID_20075,0.26783666666666667
1186,EID_14984,0.17207999999999998
1187,EID_8177,0.16633
1188,EID_1360,0.17889
1189,EID_24812,0.15873
1190,EID_8480,0.15132
1191,EID_14567,0.13358333333333333
1192,EID_16194,0.11642666666666665
1193,EID_10020,0.17772799999999997
1194,EID_7321,0.18217
1195,EID_15387,0.09229000000000001
1196,EID_19419,0.25006
1197,EID_20496,0.18109
1198,EID_1308,0.12756000000000003
1199,EID_14770,0.2685
1200,EID_21893,0.13091
1201,EID_10990,0.13166
1202,EID_17521,0.29589
1203,EID_15274,0.39766
1204,EID_24001,0.14471
1205,EID_4111,0.22738
1206,EID_4284,0.137
1207,EID_19682,0.12117
1208,EID_14871,0.16824
1209,EID_18152,0.11035000000000002
1210,EID_12520,0.2609
1211,EID_4739,0.11508
1212,EID_8424,0.07084
1213,EID_23600,0.20265
1214,EID_25891,0.10755499999999998
1215,EID_11618,0.26559
1216,EID_12674,0.23537999999999998
1217,EID_5999,0.17350000000000002
1218,EID_18063,0.22878999999999997
1219,EID_14859,0.13835999999999998
1220,EID_20353,0.14553
1221,EID_22962,0.29051000000000005
1222,EID_19650,0.1353
1223,EID_6108,0.16174
1224,EID_19012,0.14858
1225,EID_22925,0.15977999999999998
1226,EID_15619,0.2769500000000001
1227,EID_19998,0.42975
1228,EID_20052,0.23175000000000004
1229,EID_25044,0.16185
1230,EID_5422,0.19832999999999998
1231,EID_15354,0.25761
1232,EID_3804,0.24576999999999996
1233,EID_23277,0.19768
1234,EID_12336,0.2233
1235,EID_24839,0.18602
1236,EID_1651,0.20731000000000002
1237,EID_24355,0.33509
1238,EID_24276,0.27443
1239,EID_10346,0.15174
1240,EID_9579,0.270505
1241,EID_23242,0.13976999999999998
1242,EID_23541,0.22679
1243,EID_14741,0.18378999999999998
1244,EID_7783,0.19746999999999998
1245,EID_12569,0.17939999999999998
1246,EID_3834,0.27813
1247,EID_6799,0.36552999999999997
1248,EID_15609,0.12667
1249,EID_5496,0.09507
1250,EID_5080,0.21132499999999999
1251,EID_14834,0.25298
1252,EID_18266,0.22842
1253,EID_1182,0.15974000000000002
1254,EID_6445,0.15867
1255,EID_18656,0.15497
1256,EID_24011,0.10662250000000002
1257,EID_25093,0.19194
1258,EID_11334,0.30029000000000006
1259,EID_15785,0.32766
1260,EID_8060,0.24237000000000003
1261,EID_4349,0.14429999999999998
1262,EID_22525,0.2061171428571429
1263,EID_1231,0.34589000000000003
1264,EID_2127,0.227415
1265,EID_4047,0.19993
1266,EID_12989,0.23528000000000002
1267,EID_17726,0.35961
1268,EID_1602,0.18830999999999998
1269,EID_5945,0.21917000000000003
1270,EID_15166,0.39172
1271,EID_25317,0.28393999999999997
1272,EID_18848,0.16324
1273,EID_14455,0.14711749999999998
1274,EID_9724,0.21847999999999995
1275,EID_22697,0.14504
1276,EID_16505,0.20099
1277,EID_11616,0.23516750000000003
1278,EID_10352,0.17392
1279,EID_24093,0.26228000000000007
1280,EID_11826,0.38826
1281,EID_24211,0.19513
1282,EID_14709,0.14418999999999998
1283,EID_18747,0.17375
1284,EID_16077,0.20181999999999997
1285,EID_15440,0.18657
1286,EID_4935,0.1799
1287,EID_13791,0.12265999999999999
1288,EID_16876,0.37505
1289,EID_1335,0.25795
1290,EID_19086,0.14543
1291,EID_12872,0.16582
1292,EID_11623,0.07969000000000001
1293,EID_7807,0.11779999999999999
1294,EID_9605,0.26278999999999997
1295,EID_12736,0.28764
1296,EID_20565,0.2053375
1297,EID_17225,0.12947000000000003
1298,EID_19974,0.1423033333333333
1299,EID_16045,0.26252
1300,EID_2082,0.14880500000000002
1301,EID_22219,0.30097999999999997
1302,EID_19439,0.14978
1303,EID_2979,0.24160000000000004
1304,EID_24414,0.13174199999999997
1305,EID_15148,0.12090000000000001
1306,EID_10690,0.23425
1307,EID_16346,0.24844
1308,EID_22752,0.26643000000000006
1309,EID_21746,0.18095
1310,EID_1705,0.28785333333333335
1311,EID_7498,0.19555
1312,EID_6874,0.19584000000000001
1313,EID_4543,0.15441
1314,EID_8931,0.45133
1315,EID_16435,0.36445
1316,EID_16767,0.20111666666666667
1317,EID_3058,0.204595
1318,EID_16381,0.14959
1319,EID_17190,0.17781000000000002
1320,EID_7079,0.193601
1321,EID_10191,0.20776000000000003
1322,EID_1378,0.25127
1323,EID_20222,0.25921
1324,EID_6156,0.11424000000000001
1325,EID_5975,0.28423
1326,EID_18682,0.13676
1327,EID_8837,0.19438000000000002
1328,EID_24686,0.17138
1329,EID_9869,0.24852
1330,EID_14673,0.13464
1331,EID_14443,0.17921
1332,EID_21591,0.13884000000000002
1333,EID_25240,0.17969000000000002
1334,EID_18365,0.34863
1335,EID_9260,0.14644000000000001
1336,EID_10696,0.36806
1337,EID_18012,0.1871
1338,EID_17421,0.12596
1339,EID_23615,0.26504
1340,EID_14132,0.30582
1341,EID_13168,0.24277
1342,EID_16973,0.16416
1343,EID_13426,0.23989
1344,EID_1493,0.21699000000000002
1345,EID_3994,0.21541000000000002
1346,EID_10574,0.40931000000000006
1347,EID_12394,0.26822
1348,EID_4781,0.17200500000000002
1349,EID_24911,0.12661
1350,EID_3205,0.10288666666666665
1351,EID_25568,0.15199999999999997
1352,EID_4343,0.12787
1353,EID_4330,0.17328000000000005
1354,EID_12518,0.42573
1355,EID_18426,0.3152028571428572
1356,EID_3862,0.11140999999999998
1357,EID_13478,0.12847999999999998
1358,EID_5607,0.18460333333333334
1359,EID_22353,0.115335
1360,EID_18346,0.11577000000000001
1361,EID_5978,0.10205000000000002
1362,EID_3391,0.15299000000000001
1363,EID_8525,0.19083
1364,EID_5245,0.48761
1365,EID_11791,0.11767000000000001
1366,EID_22913,0.08972
1367,EID_15587,0.16899999999999998
1368,EID_4851,0.12537
1369,EID_3432,0.23973999999999998
1370,EID_13090,0.29805999999999994
1371,EID_15117,0.15955
1372,EID_22004,0.25881000000000004
1373,EID_16053,0.11744999999999998
1374,EID_16458,0.20782999999999996
1375,EID_8021,0.17373
1376,EID_24385,0.25356999999999996
1377,EID_7053,0.08695
1378,EID_13544,0.27205999999999997
1379,EID_9014,0.21691000000000002
1380,EID_9246,0.17919999999999997
1381,EID_15642,0.20744999999999997
1382,EID_12295,0.17345
1383,EID_7925,0.36656000000000005
1384,EID_18473,0.251035
1385,EID_19427,0.273645
1386,EID_17027,0.14162
1387,EID_22093,0.17907
1388,EID_25611,0.28600000000000003
1389,EID_20490,0.29691
1390,EID_4204,0.15695
1391,EID_2604,0.36471000000000003
1392,EID_16152,0.30903
1393,EID_8563,0.22252
1394,EID_18620,0.20022
1395,EID_11012,0.22654000000000002
1396,EID_19598,0.22644333333333333
1397,EID_13159,0.27215
1398,EID_13171,0.31869500000000006
1399,EID_8374,0.13301333333333334
1400,EID_9838,0.09985
1401,EID_18489,0.22558999999999996
1402,EID_17451,0.29561000000000004
1403,EID_7269,0.14564000000000002
1404,EID_20548,0.24384999999999998
1405,EID_9466,0.11943999999999999
1406,EID_16085,0.16781
1407,EID_24082,0.19353
1408,EID_5078,0.20210749999999997
1409,EID_23951,0.31071333333333334
1410,EID_8327,0.19339999999999996
1411,EID_5904,0.1941025
1412,EID_11085,0.10820999999999999
1413,EID_21437,0.14296999999999999
1414,EID_7471,0.05669
1415,EID_12046,0.14402
1416,EID_18653,0.156055
1417,EID_14175,0.22008
1418,EID_5514,0.34842999999999996
1419,EID_20148,0.21654400000000001
1420,EID_14260,0.23145
1421,EID_15574,0.26244
1422,EID_7287,0.26073999999999997
1423,EID_18889,0.13979
1424,EID_13106,0.25467
1425,EID_15448,0.28306
1426,EID_25897,0.11859
1427,EID_23758,0.32065
1428,EID_23208,0.15061
1429,EID_13646,0.30358999999999997
1430,EID_5467,0.19661
1431,EID_6022,0.13534000000000002
1432,EID_10923,0.09904500000000002
1433,EID_10408,0.13518999999999998
1434,EID_4186,0.17835
1435,EID_22022,0.11793999999999998
1436,EID_16390,0.13197
1437,EID_19493,0.11765999999999999
1438,EID_12519,0.11635
1439,EID_23549,0.23442
1440,EID_17612,0.26039999999999996
1441,EID_25007,0.1125
1442,EID_1949,0.20227
1443,EID_23313,0.09614
1444,EID_22516,0.21116000000000001
1445,EID_21836,0.164185
1446,EID_7268,0.19755
1447,EID_8202,0.19641
1448,EID_6613,0.13973000000000002
1449,EID_2596,0.24890000000000004
1450,EID_19849,0.30749000000000004
1451,EID_11546,0.21105999999999997
1452,EID_3942,0.14646999999999996
1453,EID_7899,0.20476250000000001
1454,EID_4802,0.09433
1455,EID_6725,0.145395
1456,EID_3835,0.15318
1457,EID_9511,0.24535
1458,EID_5757,0.18588
1459,EID_24838,0.24975699999999995
1460,EID_15225,0.20377
1461,EID_8238,0.40004000000000006
1462,EID_2826,0.31165000000000004
1463,EID_20774,0.15153666666666668
1464,EID_19311,0.15849000000000002
1465,EID_12339,0.15023
1466,EID_1583,0.14636
1467,EID_1033,0.29673
1468,EID_10764,0.23871000000000003
1469,EID_17203,0.25950999999999996
1470,EID_1345,0.17193999999999998
1471,EID_4951,0.22007999999999997
1472,EID_16956,0.47052999999999995
1473,EID_9203,0.26367999999999997
1474,EID_7021,0.21568
1475,EID_8707,0.27803
1476,EID_5209,0.22108
1477,EID_20428,0.19973999999999997
1478,EID_10913,0.333495
1479,EID_11507,0.30884
1480,EID_3693,0.19667
1481,EID_22857,0.19189
1482,EID_18744,0.19227
1483,EID_19600,0.17113499999999998
1484,EID_21336,0.16882999999999998
1485,EID_17676,0.28429000000000004
1486,EID_1678,0.1357516666666667
1487,EID_4889,0.34567000000000003
1488,EID_9961,0.09893
1489,EID_23386,0.32815999999999995
1490,EID_19835,0.13818
1491,EID_9519,0.18269999999999997
1492,EID_5449,0.26038
1493,EID_20640,0.23783000000000004
1494,EID_16387,0.23079666666666668
1495,EID_20293,0.26372
1496,EID_2296,0.15928
1497,EID_11827,0.13879999999999998
1498,EID_21522,0.2973100000000001
1499,EID_2767,0.31612999999999997
1500,EID_2873,0.20468999999999998
1501,EID_2603,0.14620000000000002
1502,EID_2674,0.160145
1503,EID_23682,0.14697
1504,EID_13310,0.28964
1505,EID_6523,0.25751
1506,EID_13056,0.17247
1507,EID_7244,0.37581999999999993
1508,EID_1072,0.17187
1509,EID_25833,0.25775000000000003
1510,EID_11244,0.152715
1511,EID_22918,0.11940999999999999
1512,EID_16735,0.24381999999999998
1513,EID_4201,0.17412999999999998
1514,EID_5998,0.14095
1515,EID_19254,0.27792
1516,EID_16653,0.23837999999999998
1517,EID_11729,0.11955999999999997
1518,EID_19573,0.27036000000000004
1519,EID_21463,0.25484
1520,EID_5899,0.09576
1521,EID_23613,0.21809000000000003
1522,EID_8609,0.28469
1523,EID_2660,0.2079533333333333
1524,EID_1333,0.25816999999999996
1525,EID_3212,0.1568
1526,EID_7830,0.12264000000000001
1527,EID_4372,0.15391000000000002
1528,EID_15955,0.2279533333333333
1529,EID_22059,0.20290000000000002
1530,EID_22804,0.14285
1531,EID_4700,0.1223
1532,EID_14401,0.23636
1533,EID_19971,0.39095
1534,EID_10684,0.20486
1535,EID_21512,0.29786
1536,EID_16722,0.155955
1537,EID_16012,0.10476
1538,EID_19093,0.24457999999999994
1539,EID_25636,0.22213
1540,EID_10567,0.18173999999999996
1541,EID_11601,0.17023333333333332
1542,EID_25697,0.22695250000000003
1543,EID_22131,0.23392
1544,EID_8511,0.19662
1545,EID_18114,0.15343
1546,EID_12784,0.18368999999999996
1547,EID_12820,0.10374000000000001
1548,EID_4512,0.2065
1549,EID_5837,0.15811000000000003
1550,EID_12564,0.21585000000000001
1551,EID_16737,0.13909
1552,EID_25986,0.37211
1553,EID_8729,0.13333
1554,EID_4386,0.29164
1555,EID_5223,0.11112999999999999
1556,EID_1494,0.19575499999999998
1557,EID_22699,0.13577999999999998
1558,EID_1083,0.219002
1559,EID_1329,0.31966
1560,EID_3550,0.23242000000000002
1561,EID_18845,0.22115999999999997
1562,EID_17946,0.1653
1563,EID_1712,0.14142000000000002
1564,EID_12024,0.21481
1565,EID_2974,0.2699333333333333
1566,EID_12806,0.22060000000000005
1567,EID_10396,0.17624
1568,EID_3998,0.17592999999999998
1569,EID_22451,0.1599933333333333
1570,EID_12242,0.19358
1571,EID_18599,0.10730000000000002
1572,EID_9423,0.25761
1573,EID_25347,0.12699499999999997
1574,EID_20183,0.13466
1575,EID_18079,0.27338999999999997
1576,EID_10059,0.30995999999999996
1577,EID_1322,0.23487000000000005
1578,EID_18109,0.29629
1579,EID_7325,0.24915000000000004
1580,EID_6000,0.290915
1581,EID_10760,0.20996
1582,EID_24380,0.42301
1583,EID_7070,0.21857
1584,EID_2796,0.0985
1585,EID_18860,0.20288000000000003
1586,EID_13597,0.14305
1587,EID_6858,0.28719
1588,EID_14987,0.14922
1589,EID_8902,0.21166999999999997
1590,EID_9453,0.24013
1591,EID_20605,0.11043
1592,EID_16020,0.22263000000000002
1593,EID_6335,0.1319233333333333
1594,EID_1317,0.30255
1595,EID_5575,0.17695
1596,EID_17433,0.28496
1597,EID_6238,0.18222
1598,EID_10734,0.12753333333333333
1599,EID_7661,0.19096000000000002
1600,EID_9281,0.16224
1601,EID_19259,0.15886
1602,EID_9544,0.5811200000000001
1603,EID_2572,0.21951
1604,EID_12706,0.16679999999999998
1605,EID_20500,0.17448
1606,EID_19258,0.21122999999999997
1607,EID_15915,0.20135999999999998
1608,EID_25265,0.13317
1609,EID_16567,0.28602
1610,EID_19553,0.36018000000000006
1611,EID_25403,0.51747
1612,EID_10354,0.12759
1613,EID_19522,0.14789000000000002
1614,EID_20132,0.18273
1615,EID_3363,0.23387999999999995
1616,EID_15253,0.22204000000000002
1617,EID_8368,0.322514
1618,EID_3883,0.13762666666666667
1619,EID_7323,0.19189000000000003
1620,EID_16203,0.24528
1621,EID_9080,0.118
1622,EID_12266,0.18892
1623,EID_13777,0.15745
1624,EID_24876,0.2178
1625,EID_11961,0.39774
1626,EID_25871,0.24249
1627,EID_3563,0.22478999999999996
1628,EID_3377,0.09188999999999999
1629,EID_19924,0.13406999999999997
1630,EID_4070,0.16637
1631,EID_7727,0.1389075
1632,EID_2253,0.20539999999999997
1633,EID_5056,0.19784000000000004
1634,EID_16751,0.25517
1635,EID_2105,0.25639333333333336
1636,EID_14078,0.18597
1637,EID_18779,0.18530666666666668
1638,EID_2218,0.31135999999999997
1639,EID_6130,0.26914
1640,EID_21722,0.16890249999999996
1641,EID_17748,0.21597
1642,EID_21322,0.21481
1643,EID_6016,0.11165999999999998
1644,EID_20480,0.33975
1645,EID_18843,0.39960000000000007
1646,EID_7336,0.26776999999999995
1647,EID_4455,0.38264000000000004
1648,EID_15206,0.2363
1649,EID_15582,0.37238
1650,EID_22381,0.20553
1651,EID_22606,0.33523
1652,EID_12159,0.13552
1653,EID_10027,0.1385
1654,EID_4107,0.09031
1655,EID_18932,0.08601999999999999
1656,EID_1321,0.14616
1657,EID_7759,0.11488000000000001
1658,EID_21961,0.13378916666666668
1659,EID_15289,0.31932
1660,EID_23069,0.12012333333333336
1661,EID_17187,0.19148
1662,EID_25372,0.151925
1663,EID_9787,0.18473
1664,EID_9797,0.14901
1665,EID_10831,0.31107999999999997
1666,EID_24620,0.15024
1667,EID_8715,0.21832
1668,EID_13459,0.1591
1669,EID_14031,0.09364000000000001
1670,EID_14541,0.18964
1671,EID_12395,0.10679500000000001
1672,EID_7150,0.3269566666666667
1673,EID_14422,0.1786
1674,EID_19060,0.19417
1675,EID_9338,0.170545
1676,EID_21042,0.28836
1677,EID_8011,0.21421
1678,EID_8102,0.12925499999999998
1679,EID_11068,0.15702
1680,EID_15461,0.09407000000000001
1681,EID_18509,0.29806000000000005
1682,EID_5796,0.20669999999999997
1683,EID_19905,0.16699999999999998
1684,EID_21609,0.18533
1685,EID_14873,0.32585000000000003
1686,EID_8033,0.16238000000000002
1687,EID_21354,0.33498
1688,EID_16377,0.21277
1689,EID_10566,0.17742999999999998
1690,EID_4791,0.23577000000000004
1691,EID_20944,0.16890000000000005
1692,EID_24913,0.13928000000000001
1693,EID_3868,0.13562333333333335
1694,EID_10611,0.2622
1695,EID_21702,0.17846
1696,EID_9472,0.22205000000000003
1697,EID_10746,0.1277
1698,EID_17717,0.23005
1699,EID_18535,0.46288999999999997
1700,EID_23706,0.2001
1701,EID_7039,0.12381
1702,EID_23797,0.34884
1703,EID_1574,0.19832666666666665
1704,EID_5931,0.12913999999999998
1705,EID_6468,0.15634
1706,EID_15805,0.32521000000000005
1707,EID_2988,0.30674999999999997
1708,EID_21966,0.18480000000000002
1709,EID_16571,0.23790000000000006
1710,EID_10082,0.11634333333333335
1711,EID_8359,0.23925000000000002
1712,EID_3200,0.31699
1713,EID_2206,0.41308000000000006
1714,EID_14234,0.30313
1715,EID_12498,0.25983
1716,EID_12009,0.18644
1717,EID_12486,0.32334
1718,EID_2679,0.18527
1719,EID_25329,0.37585
1720,EID_18268,0.17329
1721,EID_18253,0.12199
1722,EID_11915,0.09787000000000001
1723,EID_2503,0.29068750000000004
1724,EID_22110,0.22808
1725,EID_9344,0.26083
1726,EID_17568,0.20151
1727,EID_1445,0.16249750000000002
1728,EID_12971,0.1115
1729,EID_14129,0.230275
1730,EID_22888,0.21181
1731,EID_17510,0.26789
1732,EID_11722,0.28625999999999996
1733,EID_18542,0.12579250000000003
1734,EID_13158,0.28445
1735,EID_2810,0.16679999999999998
1736,EID_16559,0.08874000000000001
1737,EID_1124,0.22627999999999998
1738,EID_2137,0.11938249999999999
1739,EID_13145,0.13302
1740,EID_14181,0.11905000000000002
1741,EID_24695,0.07098857142857143
1742,EID_21367,0.19729999999999998
1743,EID_13213,0.13667749999999995
1744,EID_15852,0.08158
1745,EID_9531,0.16453
1746,EID_6197,0.18371249999999997
1747,EID_20012,0.17468999999999998
1748,EID_10381,0.28864000000000006
1749,EID_9136,0.20064
1750,EID_12063,0.28221
1751,EID_22318,0.11415
1752,EID_24047,0.20808999999999997
1753,EID_5834,0.22511
1754,EID_4763,0.18631999999999999
1755,EID_24096,0.21685249999999998
1756,EID_13825,0.24048000000000003
1757,EID_14326,0.23392
1758,EID_10111,0.21132
1759,EID_23362,0.11992
1760,EID_8682,0.30023
1761,EID_18727,0.29066000000000003
1762,EID_20725,0.21561
1763,EID_15976,0.10614333333333333
1764,EID_17626,0.16074
1765,EID_13302,0.14023999999999998
1766,EID_11333,0.15145000000000003
1767,EID_12305,0.21764999999999998
1768,EID_4987,0.14601000000000003
1769,EID_12132,0.06185
1770,EID_14163,0.12437999999999998
1771,EID_15666,0.47171
1772,EID_19257,0.27262
1773,EID_1591,0.1762
1774,EID_5610,0.2331600000000001
1775,EID_4835,0.16228
1776,EID_5060,0.2679
1777,EID_15897,0.287555
1778,EID_9771,0.15290999999999996
1779,EID_11486,0.22199999999999998
1780,EID_14583,0.10651999999999999
1781,EID_17832,0.30834
1782,EID_6876,0.15803000000000003
1783,EID_18560,0.15725000000000003
1784,EID_1091,0.09114000000000001
1785,EID_3837,0.26734
1786,EID_8508,0.13348333333333334
1787,EID_23640,0.15899000000000002
1788,EID_13280,0.32225
1789,EID_3352,0.37923999999999997
1790,EID_13404,0.10898
1791,EID_23565,0.22826333333333335
1792,EID_24526,0.359
1793,EID_9254,0.16774
1794,EID_8916,0.20189
1795,EID_15227,0.23264
1796,EID_11672,0.23302
1797,EID_8926,0.16938000000000003
1798,EID_25125,0.17215999999999998
1799,EID_3170,0.21337
1800,EID_24612,0.16973
1801,EID_23932,0.21523000000000003
1802,EID_11554,0.27197
1803,EID_19854,0.14057
1804,EID_16362,0.23414000000000001
1805,EID_13195,0.17704999999999999
1806,EID_25559,0.25299
1807,EID_18526,0.24314
1808,EID_23226,0.24827999999999997
1809,EID_5873,0.21805999999999998
1810,EID_11286,0.11196000000000002
1811,EID_7573,0.19558999999999999
1812,EID_11669,0.12229999999999999
1813,EID_12639,0.25053
1814,EID_12309,0.36022999999999994
1815,EID_17566,0.1418
1816,EID_3644,0.29188000000000003
1817,EID_9921,0.15218
1818,EID_14703,0.10899
1819,EID_19366,0.18711000000000003
1820,EID_12449,0.13111
1821,EID_24591,0.20549
1822,EID_4698,0.11152999999999998
1823,EID_17657,0.09019
1824,EID_24446,0.31206999999999996
1825,EID_18528,0.24013
1826,EID_8868,0.327175
1827,EID_5820,0.18926
1828,EID_24215,0.13748000000000002
1829,EID_19176,0.22886999999999996
1830,EID_6578,0.17851333333333336
1831,EID_9672,0.09694
1832,EID_10702,0.13757000000000003
1833,EID_4741,0.43484
1834,EID_24067,0.08751
1835,EID_2416,0.09062
1836,EID_12089,0.15471
1837,EID_8392,0.1386
1838,EID_16766,0.22239
1839,EID_23137,0.21853000000000003
1840,EID_24704,0.13765
1841,EID_13184,0.12647999999999998
1842,EID_21642,0.13174
1843,EID_8050,0.16108666666666668
1844,EID_20432,0.22788250000000004
1845,EID_14456,0.15296
1846,EID_7769,0.26543
1847,EID_14077,0.12133000000000001
1848,EID_17805,0.22988
1849,EID_14927,0.40849
1850,EID_7995,0.24991999999999998
1851,EID_2297,0.16929
1852,EID_7960,0.28829000000000005
1853,EID_9481,0.24432
1854,EID_2781,0.31352833333333335
1855,EID_25571,0.17788
1856,EID_12462,0.29674000000000006
1857,EID_17761,0.15167999999999998
1858,EID_22310,0.17605
1859,EID_15161,0.23277
1860,EID_3361,0.30666
1861,EID_2166,0.28539000000000003
1862,EID_1515,0.24961999999999995
1863,EID_13787,0.21785000000000002
1864,EID_23496,0.22599999999999998
1865,EID_7820,0.19556
1866,EID_14433,0.12410000000000002
1867,EID_9405,0.21413
1868,EID_4195,0.2627
1869,EID_24190,0.16845
1870,EID_20400,0.20565499999999998
1871,EID_16111,0.14
1872,EID_5502,0.21372
1873,EID_17381,0.187046
1874,EID_22435,0.23453
1875,EID_3060,0.16795000000000004
1876,EID_19197,0.081835
1877,EID_13311,0.42561
1878,EID_14282,0.19461
1879,EID_5849,0.21674000000000002
1880,EID_19845,0.21918
1881,EID_6965,0.18678
1882,EID_5048,0.21492000000000006
1883,EID_13766,0.46632999999999997
1884,EID_22269,0.27481999999999995
1885,EID_4363,0.15619000000000002
1886,EID_12215,0.19951999999999998
1887,EID_14479,0.20515
1888,EID_7348,0.169775
1889,EID_25664,0.29325
1890,EID_4940,0.25442
1891,EID_6877,0.19548
1892,EID_8337,0.20688
1893,EID_1775,0.25565
1894,EID_13938,0.23113999999999998
1895,EID_12735,0.11463000000000001
1896,EID_16138,0.20848
1897,EID_18586,0.35139
1898,EID_16650,0.16877000000000003
1899,EID_18259,0.18197333333333332
1900,EID_19144,0.19036000000000003
1901,EID_4483,0.17722000000000002
1902,EID_10929,0.21841
1903,EID_19882,0.339735
1904,EID_3779,0.27629000000000004
1905,EID_18678,0.25538999999999995
1906,EID_7168,0.16595
1907,EID_23279,0.19279
1908,EID_17008,0.16921999999999998
1909,EID_2795,0.21804
1910,EID_1833,0.08362
1911,EID_21026,0.15166
1912,EID_20322,0.15800999999999998
1913,EID_10026,0.2193
1914,EID_7742,0.1050325
1915,EID_21792,0.22501000000000002
1916,EID_14341,0.15463000000000002
1917,EID_24634,0.17067
1918,EID_3379,0.17099999999999999
1919,EID_20627,0.16974
1920,EID_8572,0.17273833333333335
1921,EID_15104,0.19014999999999999
1922,EID_12426,0.19455999999999998
1923,EID_17588,0.4526
1924,EID_20961,0.15236
1925,EID_23260,0.1395
1926,EID_7213,0.17262000000000002
1927,EID_11851,0.14774
1928,EID_5696,0.30060999999999993
1929,EID_23011,0.17876999999999998
1930,EID_2035,0.23295999999999997
1931,EID_22461,0.20590000000000003
1932,EID_23215,0.12082999999999999
1933,EID_6913,0.12541
1934,EID_5739,0.1758
1935,EID_19814,0.25830000000000003
1936,EID_20320,0.25301
1937,EID_2043,0.18913000000000002
1938,EID_21992,0.12636999999999998
1939,EID_9324,0.21397
1940,EID_3863,0.22493
1941,EID_7513,0.30905
1942,EID_11120,0.32226
1943,EID_6548,0.21273
1944,EID_23957,0.15586000000000003
1945,EID_11408,0.21993999999999997
1946,EID_24638,0.15933
1947,EID_3908,0.22218999999999994
1948,EID_17023,0.09045000000000002
1949,EID_10902,0.10603999999999998
1950,EID_3543,0.26277000000000006
1951,EID_3633,0.18697999999999998
1952,EID_3394,0.11493
1953,EID_8619,0.35248
1954,EID_13424,0.13977
1955,EID_15405,0.11735000000000002
1956,EID_21727,0.26158000000000003
1957,EID_18916,0.14594999999999997
1958,EID_3335,0.30299
1959,EID_2811,0.134715
1960,EID_8620,0.16266000000000003
1961,EID_3249,0.09312000000000001
1962,EID_22140,0.211
1963,EID_18934,0.15914
1964,EID_24271,0.08736999999999999
1965,EID_2164,0.18458
1966,EID_22961,0.17000000000000004
1967,EID_25318,0.29956
1968,EID_23064,0.30307
1969,EID_1056,0.24661
1970,EID_4389,0.16224
1971,EID_6949,0.1738575
1972,EID_16133,0.29943
1973,EID_8023,0.16046
1974,EID_19426,0.1135
1975,EID_12895,0.27241
1976,EID_17667,0.11498
1977,EID_14826,0.29528
1978,EID_8807,0.170645
1979,EID_13977,0.16262
1980,EID_11167,0.10207
1981,EID_22535,0.20711000000000004
1982,EID_5357,0.26924000000000003
1983,EID_1450,0.16658
1984,EID_24647,0.34421999999999997
1985,EID_1516,0.31954000000000005
1986,EID_10122,0.16133999999999998
1987,EID_2423,0.15713000000000002
1988,EID_4276,0.22129
1989,EID_10610,0.12421333333333333
1990,EID_5840,0.16437000000000002
1991,EID_19117,0.36285
1992,EID_1753,0.28356999999999993
1993,EID_11679,0.18411000000000002
1994,EID_12425,0.19317285714285717
1995,EID_21118,0.15011999999999998
1996,EID_1348,0.15893000000000002
1997,EID_3143,0.180595
1998,EID_12153,0.14487999999999998
1999,EID_22834,0.15511999999999998
2000,EID_14978,0.30295
2001,EID_23361,0.16548000000000002
2002,EID_5207,0.18036000000000002
2003,EID_8395,0.22880499999999998
2004,EID_2440,0.34689
2005,EID_14196,0.44032
2006,EID_16684,0.1617
2007,EID_22520,0.24833000000000002
2008,EID_14689,0.25382
2009,EID_22890,0.16143000000000002
2010,EID_18695,0.31792999999999993
2011,EID_1275,0.13663
2012,EID_6033,0.13616
2013,EID_25616,0.15993000000000002
2014,EID_6190,0.16106
2015,EID_2964,0.20576000000000003
2016,EID_24869,0.18696
2017,EID_3319,0.17116
2018,EID_15857,0.27423000000000003
2019,EID_4615,0.1441366666666667
2020,EID_23926,0.12198
2021,EID_15506,0.35168999999999995
2022,EID_4168,0.14173
2023,EID_23593,0.29176
2024,EID_3108,0.14653000000000002
2025,EID_22846,0.29318
2026,EID_12618,0.29307
2027,EID_20341,0.18905999999999998
2028,EID_15441,0.24365000000000006
2029,EID_20278,0.13110000000000002
2030,EID_19511,0.22832000000000002
2031,EID_7832,0.11152000000000002
2032,EID_7775,0.25654000000000005
2033,EID_9409,0.15947
2034,EID_11483,0.18236
2035,EID_6657,0.22336
2036,EID_10338,0.20293
2037,EID_7683,0.1317
2038,EID_11854,0.12799
2039,EID_17102,0.23627499999999996
2040,EID_9882,0.27181000000000005
2041,EID_19326,0.24201999999999999
2042,EID_1670,0.13230000000000003
2043,EID_17455,0.26757
2044,EID_24867,0.14865
2045,EID_22972,0.10950999999999997
2046,EID_4679,0.2029066666666667
2047,EID_7172,0.18368
2048,EID_7401,0.18303
2049,EID_13199,0.22234000000000004
2050,EID_12244,0.14597999999999997
2051,EID_12771,0.29667
2052,EID_7230,0.2298
2053,EID_19736,0.21452
2054,EID_2755,0.25786
2055,EID_19126,0.12451999999999999
2056,EID_20949,0.16026
2057,EID_4573,0.30456000000000005
2058,EID_23671,0.08781
2059,EID_11580,0.11966999999999998
2060,EID_15600,0.16956
2061,EID_17577,0.14022
2062,EID_6773,0.22388000000000002
2063,EID_9565,0.21372
2064,EID_13401,0.16633000000000003
2065,EID_17438,0.09467
2066,EID_7604,0.19773000000000002
2067,EID_1215,0.32909
2068,EID_24765,0.15423333333333336
2069,EID_2084,0.19122
2070,EID_17898,0.25853000000000004
2071,EID_9752,0.29724
2072,EID_19867,0.38550999999999996
2073,EID_5430,0.201015
2074,EID_22617,0.23656999999999995
2075,EID_23590,0.13188999999999998
2076,EID_11131,0.07862499999999999
2077,EID_1623,0.14255
2078,EID_25390,0.17151750000000002
2079,EID_23316,0.072565
2080,EID_11595,0.1371
2081,EID_10827,0.3728166666666667
2082,EID_14787,0.23365
2083,EID_18290,0.24536999999999995
2084,EID_17889,0.27742
2085,EID_7936,0.14261249999999998
2086,EID_12044,0.17734999999999998
2087,EID_8205,0.17072
2088,EID_22950,0.11574999999999999
2089,EID_4965,0.21563000000000004
2090,EID_24073,0.41527000000000003
2091,EID_4946,0.18739
2092,EID_14618,0.11506333333333334
2093,EID_17692,0.14900333333333332
2094,EID_23220,0.17787999999999998
2095,EID_24364,0.22821000000000008
2096,EID_20216,0.19457
2097,EID_24865,0.32134999999999997
2098,EID_11009,0.10404
2099,EID_6889,0.21286
2100,EID_10375,0.27508999999999995
2101,EID_11917,0.31461
2102,EID_25323,0.14373
2103,EID_21841,0.14312
2104,EID_25278,0.09522749999999999
2105,EID_17857,0.18219999999999997
2106,EID_2991,0.30277000000000004
2107,EID_23822,0.16258
2108,EID_12098,0.15504
2109,EID_14665,0.23235999999999998
2110,EID_25373,0.11301000000000001
2111,EID_22143,0.17426
2112,EID_4000,0.22580999999999998
2113,EID_2951,0.12461
2114,EID_8610,0.20068000000000003
2115,EID_6998,0.14899333333333337
2116,EID_21972,0.17237
2117,EID_3582,0.32461
2118,EID_18220,0.10318999999999998
2119,EID_12381,0.15032
2120,EID_15689,0.26984
2121,EID_12239,0.16799
2122,EID_3987,0.219225
2123,EID_20164,0.09003
2124,EID_1654,0.22438000000000002
2125,EID_25583,0.31984
2126,EID_22736,0.2549099999999999
2127,EID_22169,0.23407999999999998
2128,EID_9495,0.29786
2129,EID_2465,0.25401
2130,EID_1659,0.35272000000000003
2131,EID_4509,0.23181000000000002
2132,EID_15264,0.24671714285714286
2133,EID_9494,0.2727
2134,EID_23657,0.14462000000000003
2135,EID_10376,0.19934222222222223
2136,EID_25277,0.24529
2137,EID_15121,0.09789
2138,EID_14760,0.23592000000000005
2139,EID_9160,0.255735
2140,EID_18574,0.18948
2141,EID_2977,0.19738999999999995
2142,EID_4745,0.32932000000000006
2143,EID_6762,0.29662
2144,EID_2682,0.24820000000000003
2145,EID_19172,0.54646
2146,EID_1013,0.17351
2147,EID_1242,0.25734500000000005
2148,EID_10336,0.17576
2149,EID_11247,0.26048499999999997
2150,EID_4631,0.30462999999999996
2151,EID_21660,0.15901
2152,EID_6752,0.33081999999999995
2153,EID_14409,0.12989500000000004
2154,EID_21720,0.19084000000000004
2155,EID_14495,0.15575
2156,EID_15348,0.28945000000000004
2157,EID_9610,0.20471999999999996
2158,EID_10629,0.24474999999999997
2159,EID_10182,0.26031000000000004
2160,EID_10598,0.2461775
2161,EID_11065,0.4173699999999999
2162,EID_16129,0.21669999999999998
2163,EID_15572,0.23446000000000003
2164,EID_21059,0.17184000000000002
2165,EID_7812,0.23210999999999998
2166,EID_15162,0.22838000000000003
2167,EID_6911,0.18203000000000003
2168,EID_17591,0.267
2169,EID_22638,0.17159999999999997
2170,EID_3217,0.09224
2171,EID_10116,0.17497
2172,EID_23199,0.13918000000000003
2173,EID_18844,0.186765
2174,EID_19931,0.08787999999999999
2175,EID_22215,0.25843499999999997
2176,EID_14623,0.39621
2177,EID_7884,0.20622000000000001
2178,EID_3197,0.20909
2179,EID_11291,0.54152
2180,EID_3320,0.16851
2181,EID_12585,0.25226
2182,EID_13592,0.11052999999999999
2183,EID_11264,0.12319
2184,EID_6997,0.17883
2185,EID_2327,0.21896
2186,EID_9340,0.24847999999999998
2187,EID_14544,0.18536999999999998
2188,EID_13055,0.13591
2189,EID_14014,0.19415
2190,EID_7429,0.06763500000000001
2191,EID_19008,0.15404
2192,EID_14283,0.20019
2193,EID_10882,0.27862000000000003
2194,EID_5194,0.24842499999999998
2195,EID_23844,0.2973
2196,EID_22628,0.25193999999999994
2197,EID_10033,0.42496999999999996
2198,EID_13281,0.17320000000000002
2199,EID_23871,0.19941285714285714
2200,EID_3621,0.14597000000000002
2201,EID_12968,0.12351666666666668
2202,EID_5819,0.27020000000000005
2203,EID_6694,0.21934
2204,EID_17656,0.36828
2205,EID_8888,0.19007000000000002
2206,EID_14552,0.11481999999999996
2207,EID_15342,0.32026
2208,EID_7728,0.16970000000000002
2209,EID_10331,0.09647000000000001
2210,EID_5479,0.24889
2211,EID_25526,0.24910000000000002
2212,EID_12348,0.26181666666666664
2213,EID_6196,0.10217999999999998
2214,EID_3619,0.19692
2215,EID_11280,0.20906999999999995
2216,EID_18119,0.27284
2217,EID_18058,0.26555999999999996
2218,EID_20911,0.18299
2219,EID_19840,0.2713499999999999
2220,EID_11808,0.5604100000000001
2221,EID_16265,0.24644
2222,EID_25976,0.24216
2223,EID_3872,0.15516999999999997
2224,EID_23029,0.23811
2225,EID_11745,0.10068999999999999
2226,EID_9556,0.25870000000000004
2227,EID_19748,0.23252
2228,EID_23253,0.17831999999999998
2229,EID_16237,0.09687
2230,EID_11694,0.16277000000000003
2231,EID_12824,0.20722999999999997
2232,EID_12797,0.10938
2233,EID_3524,0.07665999999999999
2234,EID_10559,0.19954
2235,EID_22844,0.18824999999999997
2236,EID_22281,0.18677000000000002
2237,EID_9535,0.26044
2238,EID_1642,0.31531
2239,EID_17630,0.26349999999999996
2240,EID_15083,0.19643000000000002
2241,EID_2690,0.13208000000000003
2242,EID_12199,0.14922000000000005
2243,EID_3449,0.20139999999999997
2244,EID_12097,0.10404
2245,EID_23272,0.12256
2246,EID_6890,0.22891000000000003
2247,EID_2438,0.23853000000000005
2248,EID_6508,0.35923
2249,EID_10772,0.2076166666666667
2250,EID_6076,0.19387999999999997
2251,EID_3045,0.20709
2252,EID_24779,0.19190000000000002
2253,EID_12553,0.20667
2254,EID_24984,0.09172000000000001
2255,EID_17157,0.21678000000000003
2256,EID_11823,0.17325
2257,EID_4765,0.29044
2258,EID_16143,0.21445999999999996
2259,EID_19658,0.20973000000000003
2260,EID_12035,0.17870999999999998
2261,EID_3481,0.25097
2262,EID_12776,0.16688
2263,EID_21160,0.24820000000000003
2264,EID_11127,0.12128599999999998
2265,EID_11784,0.26181000000000004
2266,EID_17458,0.12274999999999998
2267,EID_15653,0.13196999999999998
2268,EID_25399,0.271405
2269,EID_8799,0.19192666666666666
2270,EID_14529,0.23341000000000006
2271,EID_19407,0.13587
2272,EID_8224,0.148685
2273,EID_21582,0.13902
2274,EID_14807,0.329
2275,EID_17338,0.14819
2276,EID_10635,0.26162
2277,EID_16300,0.18080000000000002
2278,EID_5155,0.14140999999999998
2279,EID_11136,0.2973
2280,EID_7716,0.13957000000000003
2281,EID_13041,0.27549999999999997
2282,EID_1572,0.20943
2283,EID_2382,0.08557000000000001
2284,EID_4568,0.40241000000000005
2285,EID_25153,0.33412000000000003
2286,EID_20523,0.39746
2287,EID_2332,0.18628999999999998
2288,EID_6143,0.19814
2289,EID_19549,0.19801666666666667
2290,EID_24568,0.17603000000000002
2291,EID_23211,0.32571
2292,EID_2342,0.32405
2293,EID_2922,0.33790000000000003
2294,EID_6026,0.52823
2295,EID_10107,0.1499775
2296,EID_14855,0.27578
2297,EID_18780,0.23739
2298,EID_10578,0.26560999999999996
2299,EID_3842,0.31
2300,EID_10225,0.33866000000000007
2301,EID_15275,0.15255000000000002
2302,EID_10740,0.13348500000000002
2303,EID_9483,0.31208
2304,EID_11262,0.14626
2305,EID_24388,0.24189000000000002
2306,EID_19271,0.36183
2307,EID_15363,0.23297249999999997
2308,EID_16555,0.40114
2309,EID_7387,0.14266
2310,EID_2692,0.20347999999999997
2311,EID_19754,0.18671
2312,EID_10859,0.10781
2313,EID_16618,0.26778
2314,EID_1697,0.26571
2315,EID_3764,0.20517
2316,EID_4502,0.22003
2317,EID_19240,0.28928999999999994
2318,EID_22590,0.35380666666666666
2319,EID_14056,0.11816666666666667
2320,EID_20697,0.18927
2321,EID_2505,0.12703
2322,EID_23288,0.14181
2323,EID_23373,0.3790375
2324,EID_18878,0.20553
2325,EID_11857,0.17538
2326,EID_25945,0.10416
2327,EID_18242,0.35599000000000003
2328,EID_22823,0.4346500000000001
2329,EID_5625,0.30971000000000004
2330,EID_6702,0.33882
2331,EID_24252,0.24267
2332,EID_12704,0.20576
2333,EID_1770,0.23799
2334,EID_10159,0.18560000000000001
2335,EID_3702,0.22679
2336,EID_2688,0.22036000000000003
2337,EID_19784,0.20080000000000003
2338,EID_3636,0.12317000000000003
2339,EID_14537,0.21233999999999997
2340,EID_4878,0.27421
2341,EID_10260,0.22667
2342,EID_5154,0.13336
2343,EID_21206,0.17467
2344,EID_15511,0.14584
2345,EID_8010,0.23269
2346,EID_6249,0.1394675
2347,EID_7392,0.13635
2348,EID_18362,0.31934999999999997
2349,EID_14147,0.14674
2350,EID_24826,0.22350000000000003
2351,EID_10862,0.14287999999999998
2352,EID_3088,0.21742
2353,EID_2871,0.13673999999999997
2354,EID_22681,0.14901999999999999
2355,EID_3720,0.23159999999999997
2356,EID_21540,0.16472000000000003
2357,EID_3516,0.19446000000000002
2358,EID_10969,0.2617825
2359,EID_11396,0.27534000000000003
2360,EID_11407,0.10944000000000001
2361,EID_19264,0.12093000000000001
2362,EID_12406,0.25426
2363,EID_19440,0.15708000000000005
2364,EID_22729,0.19435
2365,EID_21143,0.26091
2366,EID_19936,0.15664333333333333
2367,EID_13997,0.13355
2368,EID_15533,0.210778
2369,EID_22065,0.18758000000000002
2370,EID_6600,0.21393333333333336
2371,EID_15316,0.284274
2372,EID_10721,0.24180333333333331
2373,EID_20630,0.2979
2374,EID_17720,0.170585
2375,EID_7692,0.28726
2376,EID_25004,0.137
2377,EID_1804,0.145032
2378,EID_25207,0.32809
2379,EID_7638,0.33054999999999995
2380,EID_8179,0.16163
2381,EID_23406,0.16178
2382,EID_19285,0.14341
2383,EID_15333,0.13826
2384,EID_9685,0.15599
2385,EID_15725,0.12169
2386,EID_8302,0.33565999999999996
2387,EID_10726,0.30500999999999995
2388,EID_6168,0.1321
2389,EID_16711,0.34402999999999995
2390,EID_24881,0.28013
2391,EID_15281,0.131686
2392,EID_17428,0.08746999999999999
2393,EID_2814,0.09364000000000001
2394,EID_8717,0.14217666666666667
2395,EID_4395,0.15492
2396,EID_22871,0.21509
2397,EID_22152,0.07941
2398,EID_23649,0.24816000000000002
2399,EID_24748,0.23107000000000003
2400,EID_25426,0.12475
2401,EID_13986,0.12962999999999997
2402,EID_19704,0.22101333333333334
2403,EID_15554,0.16221000000000002
2404,EID_23100,0.25667
2405,EID_25408,0.1208525
2406,EID_15870,0.32169
2407,EID_4048,0.22893999999999998
2408,EID_12712,0.2718
2409,EID_1937,0.11826999999999999
2410,EID_14246,0.20053
2411,EID_2569,0.20273999999999998
2412,EID_6228,0.28801
2413,EID_21309,0.08941
2414,EID_16971,0.32627857142857153
2415,EID_25273,0.16533
2416,EID_8968,0.24742000000000003
2417,EID_21475,0.24472999999999998
2418,EID_1982,0.21964
2419,EID_23627,0.09329000000000001
2420,EID_14209,0.13384000000000001
2421,EID_22365,0.23297999999999996
2422,EID_21031,0.3522
2423,EID_16883,0.24586000000000005
2424,EID_15734,0.15459
2425,EID_20840,0.23469
2426,EID_20792,0.24461
2427,EID_2652,0.1527125
2428,EID_3079,0.23864999999999997
2429,EID_1425,0.29565
2430,EID_17271,0.12265000000000001
2431,EID_22724,0.19977
2432,EID_23964,0.19797000000000003
2433,EID_9333,0.1947
2434,EID_12374,0.1565
2435,EID_25107,0.09606
2436,EID_22869,0.2987
2437,EID_18753,0.29757
2438,EID_16805,0.273
2439,EID_19994,0.22225
2440,EID_3004,0.15943
2441,EID_12616,0.21805999999999998
2442,EID_6090,0.13043
2443,EID_3303,0.23199999999999998
2444,EID_9435,0.21993000000000001
2445,EID_1838,0.2979
2446,EID_15681,0.28809
2447,EID_17496,0.22429000000000002
2448,EID_8456,0.18976
2449,EID_23174,0.12286
2450,EID_8285,0.19785000000000003
2451,EID_6547,0.2246
2452,EID_23648,0.19208999999999998
2453,EID_7958,0.22197
2454,EID_19299,0.16511000000000003
2455,EID_8699,0.08386833333333332
2456,EID_14528,0.17200500000000002
2457,EID_23167,0.25449
2458,EID_25289,0.21709
2459,EID_12802,0.25271999999999994
2460,EID_15986,0.22529000000000005
2461,EID_3609,0.207965
2462,EID_2045,0.26192000000000004
2463,EID_1788,0.32824000000000003
2464,EID_22630,0.11083000000000001
2465,EID_10542,0.1185433333333333
2466,EID_13101,0.23471000000000003
2467,EID_5159,0.37951999999999997
2468,EID_18490,0.24391999999999997
2469,EID_25693,0.08193999999999999
2470,EID_20514,0.13706333333333331
2471,EID_3713,0.21658
2472,EID_11193,0.23725999999999997
2473,EID_6052,0.42837
2474,EID_6986,0.34409
2475,EID_9104,0.2138
2476,EID_23058,0.15003
2477,EID_3156,0.13648
2478,EID_17660,0.19873000000000002
2479,EID_17514,0.15158999999999997
2480,EID_15370,0.41859
2481,EID_12207,0.07873999999999999
2482,EID_7351,0.32471
2483,EID_24727,0.13307666666666668
2484,EID_6356,0.29849
2485,EID_15421,0.17839999999999998
2486,EID_11772,0.2710133333333333
2487,EID_14071,0.15698
2488,EID_16359,0.16884000000000002
2489,EID_16919,0.21649
2490,EID_21496,0.19975000000000004
2491,EID_10564,0.30395000000000005
2492,EID_3773,0.2609
2493,EID_9484,0.21044999999999997
2494,EID_13601,0.20776999999999995
2495,EID_13843,0.12358999999999998
2496,EID_8774,0.12839
2497,EID_7542,0.12425000000000001
2498,EID_3388,0.21595999999999999
2499,EID_17949,0.17519499999999996
2500,EID_1815,0.1252
2501,EID_10479,0.20067
2502,EID_10722,0.18137
2503,EID_3427,0.26687
2504,EID_18205,0.31145
2505,EID_21650,0.12644
2506,EID_23124,0.10605499999999998
2507,EID_4294,0.41457999999999995
2508,EID_13366,0.11867999999999998
2509,EID_13957,0.18397750000000002
2510,EID_3578,0.25534666666666667
2511,EID_24105,0.21864
2512,EID_13186,0.30766000000000004
2513,EID_24214,0.18139
2514,EID_17251,0.1199
2515,EID_23225,0.22158250000000002
2516,EID_2152,0.190898
2517,EID_10625,0.35223
2518,EID_2044,0.27829999999999994
2519,EID_7201,0.26645
2520,EID_2405,0.10406333333333333
2521,EID_22716,0.2843
2522,EID_22728,0.18008
2523,EID_21251,0.2476633333333333
2524,EID_6915,0.24869999999999998
2525,EID_14744,0.23092857142857146
2526,EID_15814,0.14604499999999998
2527,EID_6659,0.28194
2528,EID_10991,0.18725
2529,EID_6500,0.39621999999999996
2530,EID_19121,0.34473000000000004
2531,EID_6278,0.20947
2532,EID_13236,0.16082000000000002
2533,EID_5382,0.12516
2534,EID_6871,0.21330999999999997
2535,EID_5012,0.26007
2536,EID_1268,0.17795
2537,EID_6588,0.11703
2538,EID_22163,0.11356999999999999
2539,EID_11121,0.22066999999999998
2540,EID_22615,0.19505
2541,EID_7838,0.17165333333333335
2542,EID_3344,0.18360800000000002
2543,EID_25292,0.20234999999999997
2544,EID_10730,0.16507
2545,EID_10317,0.18577
2546,EID_13443,0.40292000000000006
2547,EID_10988,0.13508333333333336
2548,EID_23091,0.20375000000000001
2549,EID_1839,0.1883
2550,EID_13892,0.13827000000000003
2551,EID_1496,0.28889
2552,EID_15045,0.23770999999999995
2553,EID_3744,0.16506000000000004
2554,EID_13010,0.15306999999999998
2555,EID_9716,0.2161225
2556,EID_2993,0.32249000000000005
2557,EID_23435,0.12322999999999999
2558,EID_8587,0.39091
2559,EID_22132,0.35903000000000007
2560,EID_21413,0.12891
2561,EID_11881,0.24514999999999998
2562,EID_19850,0.26060999999999995
2563,EID_18460,0.17746
2564,EID_17983,0.254545
2565,EID_14888,0.1680625
2566,EID_14002,0.29013
2567,EID_13524,0.23551000000000002
2568,EID_4049,0.33231
2569,EID_6535,0.24992
2570,EID_10557,0.12418999999999998
2571,EID_1313,0.13693333333333332
2572,EID_12424,0.17540999999999998
2573,EID_8210,0.18567
2574,EID_22378,0.11515
2575,EID_19644,0.22743000000000002
2576,EID_8790,0.15622000000000003
2577,EID_5778,0.20397999999999997
2578,EID_23887,0.22071999999999997
2579,EID_16103,0.21678666666666668
2580,EID_20604,0.25690999999999997
2581,EID_17378,0.24577999999999997
2582,EID_5566,0.31282999999999994
2583,EID_24264,0.29226
2584,EID_7814,0.34129
2585,EID_1968,0.17528
2586,EID_10282,0.13962000000000002
2587,EID_13648,0.28167
2588,EID_22376,0.23804000000000003
2589,EID_3690,0.19216000000000003
2590,EID_17871,0.241594
2591,EID_19167,0.12537
2592,EID_5366,0.23224
2593,EID_16996,0.15514
2594,EID_1953,0.15533
2595,EID_8760,0.09323999999999999
2596,EID_20448,0.3118
2597,EID_15787,0.11421999999999999
2598,EID_18982,0.20531000000000002
2599,EID_4388,0.33752
2600,EID_22325,0.34032999999999997
2601,EID_10189,0.13495000000000001
2602,EID_21162,0.15231
2603,EID_1032,0.24872
2604,EID_12045,0.34530500000000003
2605,EID_18324,0.1612
2606,EID_15085,0.19496999999999998
2607,EID_21927,0.32004666666666665
2608,EID_13325,0.09938
2609,EID_17801,0.18142999999999998
2610,EID_7678,0.14528000000000002
2611,EID_17469,0.14515
2612,EID_14318,0.23545500000000003
2613,EID_16439,0.27039
2614,EID_2307,0.1663
2615,EID_20011,0.240225
2616,EID_19381,0.13198
2617,EID_14043,0.11241999999999999
2618,EID_14774,0.25861999999999996
2619,EID_22982,0.17949999999999997
2620,EID_19092,0.16378399999999999
2621,EID_13137,0.14597000000000002
2622,EID_5738,0.19765
2623,EID_19661,0.07443999999999998
2624,EID_22570,0.13316
2625,EID_16393,0.12875999999999999
2626,EID_4256,0.12415000000000001
2627,EID_17873,0.16116
2628,EID_13832,0.17863
2629,EID_17617,0.11750000000000001
2630,EID_3106,0.22470749999999998
2631,EID_6567,0.15838999999999998
2632,EID_4727,0.19792
2633,EID_14518,0.4864
2634,EID_1070,0.3293
2635,EID_19385,0.15298000000000003
2636,EID_20032,0.2844966666666666
2637,EID_11714,0.12225
2638,EID_23636,0.18422
2639,EID_1985,0.17107
2640,EID_5627,0.27685
2641,EID_15171,0.16733
2642,EID_8811,0.14961000000000002
2643,EID_2163,0.20454
2644,EID_8459,0.15855
2645,EID_18138,0.32526
2646,EID_17518,0.23334000000000002
2647,EID_17432,0.17435000000000006
2648,EID_25686,0.21289999999999995
2649,EID_2470,0.26333
2650,EID_16311,0.17992000000000002
2651,EID_6903,0.10665
2652,EID_11990,0.28916000000000003
2653,EID_23460,0.13641999999999999
2654,EID_25924,0.20495666666666662
2655,EID_13985,0.24760500000000002
2656,EID_5455,0.31988999999999995
2657,EID_13427,0.22618
2658,EID_24855,0.223585
2659,EID_15532,0.26519
2660,EID_8953,0.20254000000000003
2661,EID_22683,0.18497
2662,EID_22493,0.17759
2663,EID_1451,0.34761000000000003
2664,EID_20796,0.16981
2665,EID_17281,0.09334666666666666
2666,EID_7767,0.18958
2667,EID_20838,0.28028000000000003
2668,EID_17235,0.2677
2669,EID_21615,0.16172
2670,EID_6972,0.16879
2671,EID_13930,0.33709
2672,EID_4188,0.22159666666666666
2673,EID_11277,0.19733
2674,EID_18053,0.16565000000000002
2675,EID_11288,0.20650666666666667
2676,EID_1148,0.23933199999999996
2677,EID_19216,0.23922000000000004
2678,EID_7660,0.09425999999999998
2679,EID_22805,0.3761
2680,EID_11931,0.19462
2681,EID_16921,0.20518
2682,EID_4993,0.35439999999999994
2683,EID_18070,0.15943999999999997
2684,EID_15648,0.11524999999999999
2685,EID_11404,0.26727999999999996
2686,EID_14248,0.10554000000000001
2687,EID_15424,0.28881000000000007
2688,EID_8039,0.3023
2689,EID_7094,0.16675999999999996
2690,EID_13161,0.19877000000000003
2691,EID_9293,0.13498
2692,EID_4351,0.29795000000000005
2693,EID_17259,0.15178
2694,EID_2681,0.14818
2695,EID_22123,0.1581
2696,EID_8528,0.14079999999999998
2697,EID_11798,0.1280625
2698,EID_20265,0.09592999999999999
2699,EID_21396,0.37024
2700,EID_12220,0.16770000000000002
2701,EID_25722,0.22198999999999997
2702,EID_21719,0.14881000000000003
2703,EID_3506,0.18178999999999998
2704,EID_2139,0.54132
2705,EID_6562,0.21126
2706,EID_4353,0.21433500000000003
2707,EID_24392,0.2569600000000001
2708,EID_11238,0.14784999999999998
2709,EID_20617,0.23661000000000004
2710,EID_21473,0.14621
2711,EID_16837,0.15699
2712,EID_1800,0.15811
2713,EID_25849,0.11586
2714,EID_9395,0.25844
2715,EID_2415,0.180195
2716,EID_9286,0.27903333333333336
2717,EID_5081,0.24430000000000002
2718,EID_22546,0.24430000000000002
2719,EID_11932,0.17106
2720,EID_16292,0.15263
2721,EID_17882,0.16864000000000004
2722,EID_20889,0.17257499999999998
2723,EID_10031,0.18863
2724,EID_21576,0.29835
2725,EID_8256,0.19381666666666666
2726,EID_2614,0.18277000000000002
2727,EID_2098,0.12856
2728,EID_10242,0.25275
2729,EID_21993,0.23365999999999998
2730,EID_22664,0.2737
2731,EID_1919,0.20918
2732,EID_11629,0.12150000000000001
2733,EID_6840,0.19895000000000002
2734,EID_25493,0.24125999999999997
2735,EID_14968,0.19812000000000002
2736,EID_25313,0.23342999999999997
2737,EID_8035,0.26927
2738,EID_8969,0.16933
2739,EID_15223,0.1952
2740,EID_6266,0.19802
2741,EID_8184,0.15385
2742,EID_19480,0.28173000000000004
2743,EID_19076,0.18943000000000004
2744,EID_16339,0.20873
2745,EID_7963,0.24249
2746,EID_17427,0.20985
2747,EID_12641,0.2148825
2748,EID_4122,0.24459
2749,EID_23659,0.237605
2750,EID_13486,0.20128249999999998
2751,EID_18423,0.18633
2752,EID_2181,0.23428000000000004
2753,EID_25490,0.11971000000000001
2754,EID_9211,0.14101999999999998
2755,EID_5237,0.22946999999999998
2756,EID_2418,0.18744
2757,EID_17716,0.19873000000000002
2758,EID_13837,0.22068
2759,EID_2840,0.36228999999999995
2760,EID_13004,0.16164
2761,EID_14429,0.16363250000000001
2762,EID_18915,0.18939
2763,EID_22415,0.15726
2764,EID_4304,0.23023
2765,EID_10753,0.18641000000000002
2766,EID_22612,0.28358999999999995
2767,EID_1857,0.17271999999999996
2768,EID_3566,0.25881
2769,EID_8545,0.32846
2770,EID_21685,0.41085000000000005
2771,EID_9946,0.18065000000000003
2772,EID_20447,0.16947
2773,EID_3887,0.20025999999999997
2774,EID_8351,0.21239750000000002
2775,EID_23889,0.14144
2776,EID_8248,0.10525999999999999
2777,EID_16621,0.26301
2778,EID_25138,0.19213
2779,EID_10004,0.18718
2780,EID_5522,0.39370000000000005
2781,EID_23416,0.21625999999999998
2782,EID_14897,0.15836
2783,EID_10840,0.23366000000000003
2784,EID_21716,0.12705000000000002
2785,EID_18484,0.15173999999999999
2786,EID_7402,0.12542000000000003
2787,EID_24854,0.11969999999999999
2788,EID_1610,0.18016000000000001
2789,EID_17592,0.3196
2790,EID_22128,0.16288
2791,EID_17304,0.28483
2792,EID_1508,0.20318
2793,EID_20492,0.12503
2794,EID_2324,0.24340999999999996
2795,EID_17093,0.26572
2796,EID_23356,0.19744
2797,EID_17895,0.23756
2798,EID_8186,0.12376000000000001
2799,EID_19358,0.25314000000000003
2800,EID_6030,0.22694999999999999
2801,EID_17457,0.15368
2802,EID_14976,0.21328999999999998
2803,EID_8914,0.20693
2804,EID_5721,0.1283
2805,EID_11266,0.21328
2806,EID_17012,0.19848
2807,EID_7554,0.18425733333333333
2808,EID_3087,0.19739
2809,EID_19716,0.35324999999999995
2810,EID_21723,0.34307000000000004
2811,EID_13072,0.21471
2812,EID_9776,0.10577999999999999
2813,EID_25927,0.1631
2814,EID_5593,0.16254000000000002
2815,EID_13954,0.11555
2816,EID_16034,0.19119999999999998
2817,EID_1719,0.25424
2818,EID_23054,0.13464
2819,EID_15591,0.22719999999999999
2820,EID_5178,0.17486000000000002
2821,EID_24346,0.17880000000000001
2822,EID_21264,0.16172
2823,EID_3292,0.14201
2824,EID_14975,0.13904999999999998
2825,EID_9165,0.27420000000000005
2826,EID_23369,0.10410000000000001
2827,EID_18767,0.19603500000000001
2828,EID_10153,0.19101999999999997
2829,EID_2542,0.21806000000000006
2830,EID_23826,0.22036999999999995
2831,EID_20391,0.12780999999999998
2832,EID_8633,0.13457
2833,EID_5875,0.22260500000000003
2834,EID_12699,0.08975333333333332
2835,EID_12982,0.22471000000000002
2836,EID_16392,0.22766999999999998
2837,EID_8185,0.23120999999999997
2838,EID_15462,0.14811000000000002
2839,EID_4853,0.12423000000000002
2840,EID_17622,0.25206
2841,EID_23074,0.14562
2842,EID_6390,0.22603999999999996
2843,EID_24539,0.25362
2844,EID_12963,0.127425
2845,EID_8649,0.14155
2846,EID_11810,0.13293333333333335
2847,EID_3598,0.13894
2848,EID_13511,0.23876499999999998
2849,EID_16014,0.17701000000000003
2850,EID_24791,0.19527000000000003
2851,EID_3417,0.2158
2852,EID_24668,0.15826
2853,EID_4508,0.25125000000000003
2854,EID_25150,0.16785999999999995
2855,EID_25934,0.23797000000000001
2856,EID_6308,0.21759999999999996
2857,EID_10508,0.32628999999999997
2858,EID_18724,0.22748500000000002
2859,EID_10536,0.19438000000000002
2860,EID_18738,0.13835999999999998
2861,EID_15949,0.19046000000000002
2862,EID_20722,0.25731000000000004
2863,EID_14963,0.1155
2864,EID_6682,0.19050000000000003
2865,EID_8365,0.09777999999999999
2866,EID_17999,0.29723
2867,EID_24499,0.22192000000000003
2868,EID_20389,0.16567500000000002
2869,EID_12123,0.23187000000000002
2870,EID_19203,0.26657000000000003
2871,EID_3538,0.295425
2872,EID_19811,0.24372999999999995
2873,EID_11473,0.142515
2874,EID_3032,0.22216999999999998
2875,EID_8419,0.19193
2876,EID_9052,0.15636999999999998
2877,EID_15837,0.27687
2878,EID_6644,0.12732000000000002
2879,EID_16894,0.19087
2880,EID_10552,0.13956
2881,EID_14750,0.24742666666666663
2882,EID_16659,0.27870999999999996
2883,EID_4472,0.15295500000000004
2884,EID_4076,0.17082000000000003
2885,EID_5163,0.29511000000000004
2886,EID_25923,0.18226000000000003
2887,EID_24806,0.21725
2888,EID_3742,0.20672000000000001
2889,EID_19722,0.1779
2890,EID_18033,0.22064
2891,EID_16718,0.23803999999999997
2892,EID_13182,0.14031999999999997
2893,EID_23021,0.20621
2894,EID_20329,0.10227
2895,EID_8770,0.24817999999999998
2896,EID_11234,0.23619999999999997
2897,EID_18881,0.25850999999999996
2898,EID_1365,0.3336499999999999
2899,EID_19318,0.10002
2900,EID_19343,0.1285
2901,EID_4435,0.34369000000000005
2902,EID_22102,0.17848
2903,EID_24095,0.22511
2904,EID_9897,0.12861999999999998
2905,EID_21635,0.15596
2906,EID_16514,0.25994
2907,EID_1997,0.24642999999999998
2908,EID_10324,0.23442000000000002
2909,EID_6487,0.21973000000000004
2910,EID_21197,0.10089
2911,EID_19082,0.47468000000000005
2912,EID_17562,0.26426
2913,EID_8738,0.28972
2914,EID_13687,0.13346
2915,EID_19572,0.14689000000000002
2916,EID_24909,0.14075000000000001
2917,EID_21814,0.18173
2918,EID_12083,0.25627999999999995
2919,EID_25919,0.19588250000000001
2920,EID_19140,0.12804
2921,EID_23924,0.12417
2922,EID_1208,0.19022999999999995
2923,EID_18170,0.42881
2924,EID_18699,0.10422666666666666
2925,EID_1318,0.36672
2926,EID_14941,0.15837999999999997
2927,EID_6540,0.24986999999999998
2928,EID_20936,0.29968000000000006
2929,EID_9705,0.13082
2930,EID_24181,0.1805233333333333
2931,EID_22138,0.12102000000000002
2932,EID_23044,0.23883750000000004
2933,EID_9038,0.08884666666666667
2934,EID_3247,0.23234000000000005
2935,EID_19630,0.2009525
2936,EID_8655,0.27151000000000003
2937,EID_10423,0.17285
2938,EID_3946,0.17548
2939,EID_16512,0.20484999999999998
2940,EID_12473,0.25260000000000005
2941,EID_11571,0.2686700000000001
2942,EID_14381,0.15255666666666665
2943,EID_12675,0.255208
2944,EID_1930,0.153895
2945,EID_20155,0.31413
2946,EID_22902,0.10469999999999999
2947,EID_24145,0.11029
2948,EID_5342,0.32876
2949,EID_8334,0.15774
2950,EID_25708,0.22079000000000004
2951,EID_19991,0.12244000000000002
2952,EID_5499,0.17712000000000003
2953,EID_5953,0.19092266666666666
2954,EID_7444,0.11199333333333332
2955,EID_6218,0.25388
2956,EID_12891,0.16879500000000003
2957,EID_16456,0.22030000000000002
2958,EID_20256,0.22410000000000002
2959,EID_9959,0.21799999999999997
2960,EID_8845,0.24477000000000002
2961,EID_1662,0.16993000000000003
2962,EID_8739,0.23802999999999996
2963,EID_20695,0.2205
2964,EID_19446,0.20277285714285714
2965,EID_12441,0.1928
2966,EID_13066,0.11756000000000003
2967,EID_8911,0.27037999999999995
2968,EID_22200,0.16034
2969,EID_9689,0.17133
2970,EID_1668,0.2299616666666667
2971,EID_8120,0.22464
2972,EID_22777,0.24039000000000002
2973,EID_19141,0.16305999999999998
2974,EID_22674,0.31613
2975,EID_16121,0.25488
2976,EID_14662,0.20311999999999997
2977,EID_23290,0.10495000000000002
2978,EID_20144,0.29487
2979,EID_23052,0.25797
2980,EID_25575,0.12472999999999998
2981,EID_23724,0.21896000000000004
2982,EID_14759,0.12936999999999999
2983,EID_25209,0.08716
2984,EID_17753,0.2051
2985,EID_4693,0.24525999999999998
2986,EID_17284,0.15227
2987,EID_9131,0.19269000000000003
2988,EID_24625,0.33228
2989,EID_24912,0.23544000000000004
2990,EID_19612,0.15999333333333332
2991,EID_9147,0.3026616666666667
2992,EID_6891,0.13313000000000003
2993,EID_10639,0.19721
2994,EID_5880,0.25636000000000003
2995,EID_22547,0.16338000000000003
2996,EID_10066,0.15894999999999998
2997,EID_7126,0.24146
2998,EID_4929,0.21054
2999,EID_24750,0.15922
